fund_code,fund_name,n_managers,max_tenure_years,min_tenure_years,recent_manager_added,manager_names,tenure_list,qieman_net_asset
519770,交银优择回报灵活配置混合A,1,1.5,1.5,False,周珊珊,1.5,30.18亿
000979,景顺长城沪港深精选股票A,1,1.2,1.2,False,张仲维,1.2,66.89亿
018876,兴合先进制造混合A,1,2.8,2.8,False,梁辰星,2.8,1.32亿
018194,建信新材料精选股票A,1,0.5,0.5,False,田元泉,0.5,2.91亿
160220,国泰民益混合(LOF)A,1,1.3,1.3,False,陈臻迪,1.3,1.12亿
017737,融通慧心混合A,1,1.3,1.3,False,任涛,1.3,7984.31万
001194,景顺长城稳健回报混合A,1,1.8,1.8,False,江山,1.8,53.23亿
519766,交银荣鑫灵活配置混合A,1,0.3,0.3,True,刘庆祥,0.3,4.09亿
014727,易方达成长动力混合A,1,4.3,4.3,False,刘健维,4.3,34.61亿
004685,金元顺安元启灵活配置混合,1,8.6,8.6,False,缪玮彬,8.6,15.76亿
014341,摩根时代睿选股票A,1,3,3,False,陈思郁,3,1.02亿
015970,华泰柏瑞景气驱动混合A,1,2.8,2.8,False,陈乐,2.8,5.41亿
014031,南方发展机遇一年持有混合A,1,2.5,2.5,False,范佳瓅,2.5,1.96亿
018956,中航机遇领航混合A,2,2.8,0.1,True,韩浩|王森,2.8|0.1,121.67亿
018000,鹏华芯片产业混合A,1,3.1,3.1,False,王璐,3.1,9889.12万
016558,安信洞见成长混合A,1,3.5,3.5,False,陈鹏,3.5,5.16亿
005775,中加转型动力混合A,2,0.3,0.1,True,黄翱|薛杨,0.1|0.3,4.20亿
012993,汇添富品牌力一年持有混合A,1,4.3,4.3,False,蔡志文,4.3,3.05亿
018148,百嘉百瑞混合A,1,2.8,2.8,False,黄艺明,2.8,2038.92万
008186,淳厚信睿混合A,2,6.1,0.1,True,陈文|杨煜城,6.1|0.1,30.57亿
501015,财通多策略升级混合(LOF)A,1,5.2,5.2,False,沈犁,5.2,1.85亿
001664,平安鑫安混合A,1,1.9,1.9,False,林清源,1.9,20.15亿
011093,永赢宏泽一年定开混合,1,2.2,2.2,False,高楠,2.2,10.77亿
005851,财通新视野灵活配置混合A,1,5.4,5.4,False,沈犁,5.4,14.84亿
005746,国泰聚利价值定开混合,1,4.9,4.9,False,程瑶,4.9,1.88亿
017835,信澳匠心回报混合A,1,2.3,2.3,False,张明烨,2.3,17.21亿
000411,景顺长城优质成长A,1,2.6,2.6,False,张仲维,2.6,21.91亿
009931,淳厚欣享一年持有期混合A,2,5.7,2.4,False,陈文|杨煜城,5.7|2.4,5.76亿
004206,华商元亨混合A,1,7.1,7.1,False,胡中原,7.1,36.79亿
005186,长安鑫兴混合A,1,0.1,0.1,True,江博文,0.1,1.28亿
018442,汇添富成长领航混合A,1,2.8,2.8,False,左剑,2.8,4.39亿
017801,汇添富战略精选中小盘市值3年持有期混合A,1,3.2,3.2,False,蔡志文,3.2,1.75亿
003598,华商润丰灵活配置混合A,1,7.2,7.2,False,胡中原,7.2,99.45亿
010761,华商甄选回报混合A,3,2.5,1.3,False,崔志鹏|余懿|孙蔚,2.4|1.3|2.5,45.41亿
017828,富国时代精选混合A,1,3.2,3.2,False,许炎,3.2,5.83亿
001412,德邦鑫星价值灵活配置混合A,1,2.4,2.4,False,陆阳,2.4,87.14亿
001184,易方达新常态灵活配置混合,1,1.8,1.8,False,何一铖,1.8,28.84亿
017960,招商趋势领航混合A,1,3.2,3.2,False,梁辰,3.2,3.14亿
014317,广发价值领航一年持有混合A,1,4,4,False,杨冬,4,10.93亿
015043,西部利得时代动力混合发起A,1,4,4,False,张昌平,4,5.68亿
162201,宏利成长混合,1,1.2,1.2,False,孙硕,1.2,20.57亿
017964,招商匠心优选混合A,1,0.1,0.1,True,王奇超,0.1,3.22亿
014277,万家北交所慧选两年定开混合A,1,4.6,4.6,False,叶勇,4.6,1.80亿
009707,工银新兴制造混合A,1,1.9,1.9,False,马丽娜,1.9,69.59亿
002776,招商安荣灵活配置混合A,1,0.9,0.9,False,程泉璋,0.9,6622.99万
013721,信澳景气优选混合A,1,4.5,4.5,False,吴清宇,4.5,6.20亿
002849,金信智能中国2025混合A,1,1.2,1.2,False,杨超,1.2,5.10亿
018868,兴全品质甄选混合A,1,1.6,1.6,False,程剑,1.6,3.19亿
014279,汇添富北交所创新精选两年定开混合A,1,1.5,1.5,False,马磊,1.5,3.19亿
018401,嘉实成长驱动混合A,1,2.7,2.7,False,孟夏,2.7,1.91亿
013107,华夏先进制造龙头混合A,1,4.6,4.6,False,高翔,4.6,3.31亿
001856,易方达环保主题灵活配置混合A,1,8.5,8.5,False,祁禾,8.5,55.59亿
740001,长安宏观策略混合A,1,2.4,2.4,False,王浩聿,2.4,2.52亿
110029,易方达科讯混合,1,6.9,6.9,False,刘健维,6.9,77.39亿
018281,山证资管创新成长混合A,1,2.8,2.8,False,杨旭,2.8,1776.20万
015143,中欧智能制造混合A,1,4.2,4.2,False,邵洁,4.2,7.28亿
000390,华商优势行业A,1,1.3,1.3,False,张明昕,1.3,101.49亿
017639,景顺长城景气优选一年持有期混合A,1,3.3,3.3,False,董晗,3.3,1.65亿
013855,嘉实品质发现混合A,1,4.2,4.2,False,蔡丞丰,4.2,8092.73万
018554,交银施罗德启嘉混合A,1,2.9,2.9,False,黄鼎,2.9,1.64亿
166301,华商新趋势优选灵活配置混合,1,1.3,1.3,False,童立,1.3,57.57亿
017794,交银施罗德启盛混合A,1,3.2,3.2,False,封晴,3.2,1.13亿
016485,中欧成长先锋混合A,1,3.6,3.6,False,刘伟伟,3.6,8.57亿
017749,国投瑞银景气驱动混合A,1,3.3,3.3,False,汤龑,3.3,18.64亿
015368,国泰海通领航成长一年持有期混合A,1,3.3,3.3,False,陈思靖,3.3,2.83亿
014175,工银价值成长混合A,1,4.2,4.2,False,何肖颉,4.2,9399.89万
012835,招商景气精选股票A,1,2,2,False,梁辰,2,5.73亿
017086,嘉实ESG可持续投资混合A,1,3.3,3.3,False,蔡丞丰,3.3,6.81亿
013693,博道盛兴一年持有期混合,1,4.3,4.3,False,张建胜,4.3,5909.95万
001437,易方达瑞享混合I,1,8.5,8.5,False,武阳,8.5,56.92亿
017490,财通景气甄选一年持有期混合A,1,2.9,2.9,False,金梓才,2.9,2.40亿
010371,大成成长进取混合A,1,2.2,2.2,False,杜聪,2.2,21.83亿
012301,易方达核心智造混合,1,0.7,0.7,False,倪春尧,0.7,17.58亿
001144,大成互联网思维混合A,1,0.4,0.4,True,郭玮羚,0.4,3.97亿
018217,博时厚泽匠选一年持有期混合A,1,3.1,3.1,False,冀楠,3.1,6174.90万
011822,易方达产业升级混合A,1,4.9,4.9,False,祁禾,4.9,38.16亿
014611,富国核心科技12个月持有混合A,1,4.4,4.4,False,许炎,4.4,2.62亿
519196,万家新兴蓝筹灵活配置混合A,1,10.4,10.4,False,莫海波,10.4,34.04亿
000688,景顺长城研究精选股票A,1,0.8,0.8,False,江山,0.8,38.40亿
014591,广发瑞誉一年持有期混合A,2,0.7,0.1,True,孙迪|胡英粲,0.7|0.1,12.21亿
001075,宝盈转型动力混合A,1,3.2,3.2,False,容志能,3.2,27.02亿
006158,博时荣享回报混合A,1,7.8,7.8,False,蔡滨,7.8,10.53亿
002768,华安安进灵活配置混合A,1,0.8,0.8,False,桑翔宇,0.8,9825.17万
017075,宝盈半导体产业混合A,1,0.5,0.5,False,倪也,0.5,1.23亿
013238,财通均衡优选一年持有混合A,1,1.6,1.6,False,贾雅楠,1.6,8432.36万
017102,摩根士丹利数字经济混合A,1,3.3,3.3,False,雷志勇,3.3,77.02亿
008555,华商龙头优势混合,1,1.2,1.2,False,彭雾,1.2,9.82亿
012586,南方港股创新视野一年持有混合A,1,4.5,4.5,False,史博,4.5,1.60亿
006533,易方达科融混合,1,6,6,False,刘健维,6,77.66亿
017850,交银施罗德启信混合A,1,3.3,3.3,False,郭若,3.3,4.75亿
010418,财通景气行业混合A,1,4.2,4.2,False,沈犁,4.2,6.46亿
001076,易方达改革红利混合,1,4.4,4.4,False,陈皓,4.4,21.31亿
260112,景顺长城能源基建混合A,1,1.1,1.1,False,邹立虎,1.1,32.78亿
018226,,0,,,,,,
017998,中欧融恒平衡混合A,2,3.2,0.4,True,蓝小康|岳小博,3.2|0.4,13.27亿
001892,长盛新兴成长混合,1,0.6,0.6,False,汤其勇,0.6,9261.68万
213003,宝盈策略增长混合,1,1.5,1.5,False,容志能,1.5,15.02亿
012153,博时研究慧选混合A,1,3.3,3.3,False,吴鹏,3.3,5.75亿
017551,南方景气前瞻混合A,1,3.3,3.3,False,钟贇,3.3,10.67亿
014191,广发先进制造股票发起式A,1,4.3,4.3,False,孙迪,4.3,20.05亿
001678,英大国企改革主题股票A,1,7.3,7.3,False,张媛,7.3,3.61亿
008988,大成科技创新混合A,1,5.4,5.4,False,郭玮羚,5.4,40.75亿
013958,华商鑫选回报一年持有混合A,1,1.3,1.3,False,张文龙,1.3,2.52亿
007343,嘉实科技创新混合,1,7.1,7.1,False,王贵重,7.1,37.92亿
014283,华夏北交所精选两年定开混合发起式,1,4.6,4.6,False,顾鑫峰,4.6,5.21亿
015842,国投瑞银专精特新量化选股混合A,1,2.9,2.9,False,赵建,2.9,1.24亿
000969,前海开源大安全混合,1,3.8,3.8,False,刘宏,3.8,3.25亿
018504,景顺长城周期优选混合A,1,2.8,2.8,False,邹立虎,2.8,75.84亿
970100,兴证资管金麒麟兴享优选混合A,1,3.7,3.7,False,郑方镳,3.7,1.40亿
630002,华商盛世成长混合,2,3.4,1.3,False,王毅文|孙蔚,1.3|3.4,34.27亿
003304,前海开源沪港深核心资源混合A,1,9.7,9.7,False,吴国清,9.7,23.75亿
002833,华夏新锦绣灵活配置混合A,1,5.3,5.3,False,张城源,5.3,15.25亿
014771,中泰红利优选一年持有混合发起,2,4.2,3.1,False,姜诚|王桃,4.2|3.1,9.93亿
000017,财通可持续混合,1,10.1,10.1,False,夏钦,10.1,1.52亿
006976,鹏华核心优势混合A,1,4.5,4.5,False,黄奕松,4.5,1.79亿
002049,融通新机遇灵活配置混合,2,10.6,2.9,False,余志勇|刘舒乐,10.6|2.9,1.34亿
015749,博时优享回报混合A,1,0.6,0.6,False,刘宁,0.6,1.45亿
002292,诺安益鑫灵活配置混合A,1,5.9,5.9,False,陈衍鹏,5.9,7117.00万
005695,华安睿明两年定开混合A,1,6.4,6.4,False,陆奔,6.4,2.60亿
002910,易方达供给改革混合,1,7.1,7.1,False,杨宗昌,7.1,53.52亿
001607,英大策略优选A,2,7.3,6.4,False,张媛|张大铮,7.3|6.4,5434.64万
002810,金信转型创新成长混合发起式A,1,4.4,4.4,False,杨超,4.4,5.93亿
000534,长盛高端装备制造灵活配置A,1,0.6,0.6,False,郭堃,0.6,13.54亿
009490,泰康科技创新一年定开混合,1,5.8,5.8,False,金宏伟,5.8,1.46亿
167002,平安鼎越混合(LOF),1,2.6,2.6,False,林清源,2.6,16.99亿
014261,摩根沃享远见一年持有期混合A,1,4.4,4.4,False,杜猛,4.4,4.82亿
009601,招商科技动力3个月滚动持有股票A,1,2,2,False,张林,2,9.24亿
016370,信澳业绩驱动混合A,1,0.3,0.3,True,童昌希,0.3,37.26亿
013674,长城价值甄选一年持有混合A,1,2.8,2.8,False,陈子扬,2.8,1.80亿
004475,华泰柏瑞富利混合A,1,5.9,5.9,False,董辰,5.9,50.09亿
014915,财通匠心优选一年持有混合A,1,4.2,4.2,False,金梓才,4.2,3.08亿
016605,财通资管臻享成长混合A,2,0.6,0.2,True,于洋|李响,0.2|0.6,1.13亿
015880,中欧小盘成长混合A,3,4,0.1,True,汤旻玮|钱亚婷|徐熙宁,0.9|4|0.1,14.89亿
009891,融通产业趋势臻选股票A,1,3.3,3.3,False,李进,3.3,38.44亿
011144,华安汇宏精选混合A,1,1.1,1.1,False,桑翔宇,1.1,38.48亿
006195,国金量化多因子A,2,5.8,3.4,False,马芳|姚加红,5.8|3.4,79.12亿
001564,东方红京东大数据混合A,1,10.8,10.8,False,周云,10.8,50.76亿
001322,东吴新趋势,1,7.1,7.1,False,刘元海,7.1,12.43亿
008009,华商高端装备制造股票A,2,1.4,1.4,False,陈夏琼|彭雾,1.4|1.4,7.05亿
011251,华安聚嘉精选混合A,1,5.2,5.2,False,王斌,5.2,12.48亿
000805,中银新经济灵活配置混合A,1,1.1,1.1,False,杨成,1.1,2.09亿
001198,东方惠新灵活配置混合A,1,4.8,4.8,False,严凯,4.8,4.90亿
005443,国金量化多策略灵活配置混合A,2,5.8,3.4,False,姚加红|马芳,3.4|5.8,57.29亿
004496,前海开源多元策略混合A,1,0.2,0.2,True,田维,0.2,10.42亿
580001,东吴嘉禾优势精选A,1,2.8,2.8,False,刘元海,2.8,11.69亿
015006,中欧量化动力混合A,1,4.3,4.3,False,曲径,4.3,2.01亿
005825,申万菱信智能驱动股票A,1,1.7,1.7,False,卜忠林,1.7,16.73亿
005161,华商上游产业股票A,1,2.9,2.9,False,张文龙,2.9,34.86亿
001513,易方达信息产业混合A,1,9.7,9.7,False,郑希,9.7,74.78亿
001744,诺安进取回报混合,2,6.1,2.2,False,吴博俊|杨谷,6.1|2.2,3.64亿
000598,长盛生态环境主题混合A,1,0.6,0.6,False,滕光耀,0.6,2.71亿
003857,前海开源周期优选混合A,1,5.3,5.3,False,刘宏,5.3,2.31亿
016252,华夏景气成长一年持有混合A,1,2.2,2.2,False,彭海伟,2.2,2.21亿
004707,景顺长城睿成混合A,1,1.5,1.5,False,王勇,1.5,10.37亿
160727,嘉实创业板两年定期混合,1,5.3,5.3,False,王贵重,5.3,3.24亿
014653,建信卓越成长一年持有混合A,1,4.2,4.2,False,邵卓,4.2,6930.80万
017488,嘉实信息产业股票A,1,3.5,3.5,False,李涛,3.5,23.63亿
010350,景顺长城品质长青混合A,1,2.9,2.9,False,农冰立,2.9,65.64亿
000940,富国中小盘精选混合A,1,11.4,11.4,False,曹晋,11.4,44.92亿
010460,兴业研究精选混合A,1,5.6,5.6,False,邹慧,5.6,37.41亿
019003,易方达科技智选混合A,1,2.7,2.7,False,蔡荣成,2.7,3.06亿
013641,博道成长智航股票A,1,4.6,4.6,False,杨梦,4.6,75.48亿
006551,中庚价值领航混合,1,2.1,2.1,False,刘晟,2.1,50.20亿
009994,嘉实创新先锋混合A,2,2.6,1.8,False,王贵重|彭民,2.6|1.8,27.62亿
015902,博时优质精选混合A,1,3.8,3.8,False,冀楠,3.8,5504.67万
001323,东吴移动互联A,1,10.1,10.1,False,刘元海,10.1,80.68亿
010033,安信成长精选混合A,1,5.7,5.7,False,陈鹏,5.7,2.78亿
001037,国投瑞银锐意改革灵活配置混合A,1,3.9,3.9,False,马柯,3.9,2.87亿
014007,华安制造升级一年持有混合A,1,0.4,0.4,True,孔涛,0.4,7.43亿
016021,华安优嘉精选混合A,1,3.8,3.8,False,王斌,3.8,5.56亿
017532,平安研究优选混合A,1,3.2,3.2,False,张晓泉,3.2,5.30亿
002450,平安睿享文娱混合A,1,9.8,9.8,False,黄维,9.8,14.91亿
013242,华银优势行业股票,1,4.7,4.7,False,程敏,4.7,5971.67万
673010,西部利得新动向混合A,1,2,2,False,董伟炜,2,29.88亿
016243,广发成长领航一年持有期混合A,1,0,0,True,孙迪,0,16.04亿
001370,中银新趋势混合A,1,10.7,10.7,False,杨成,10.7,1.13亿
009437,信澳科创一年定开混合A,1,2.6,2.6,False,吴凯,2.6,2.39亿
007497,中庚价值灵动灵活配置混合,1,0.4,0.4,True,周汝昂,0.4,11.96亿
001650,工银丰收回报灵活配置混合A,1,6.7,6.7,False,郭雪松,6.7,4.73亿
014135,中欧金安量化混合A,2,4.4,1.2,False,曲径|宋婷,4.4|1.2,15.29亿
001877,宝盈国家安全沪港深股票A,1,3.2,3.2,False,容志能,3.2,7.62亿
009867,工银创新精选一年定开混合A,1,4.3,4.3,False,马丽娜,4.3,3.62亿
015357,摩根慧享成长混合A,1,3.8,3.8,False,李德辉,3.8,1.43亿
011300,易方达智造优势混合A,1,5.4,5.4,False,祁禾,5.4,39.88亿
009993,嘉实前沿创新混合,2,4.4,1.6,False,王贵重|何鸣晓,4.4|1.6,15.57亿
001488,万家瑞丰灵活配置混合A,1,3.4,3.4,False,张永强,3.4,2.15亿
016237,华夏数字经济龙头混合发起式A,1,3.9,3.9,False,张景松,3.9,27.27亿
018071,长信均衡优选混合A,1,2.9,2.9,False,高远,2.9,11.07亿
003659,山证资管策略灵活配置混合A,1,1.6,1.6,False,独孤南薰,1.6,6167.64万
164205,天弘文化新兴产业A,1,0.5,0.5,False,张磊,0.5,3.21亿
050022,博时回报灵活配置,1,8.8,8.8,False,肖瑞瑾,8.8,4.67亿
001072,华安智能装备主题股票A,1,1.1,1.1,False,刘畅畅,1.1,23.09亿
002145,诺安景鑫灵活配置混合,1,7.9,7.9,False,李玉良,7.9,5223.96万
011891,易方达先锋成长混合A,1,4.7,4.7,False,武阳,4.7,44.10亿
013733,红塔红土盛丰混合A,1,1.7,1.7,False,赵耀,1.7,1.10亿
013369,汇添富自主核心科技一年持有混合A,1,2.1,2.1,False,马磊,2.1,4.12亿
016873,广发远见智选混合A,1,3.6,3.6,False,唐晓斌,3.6,119.86亿
001741,广发百发大数据精选混合A,1,0.7,0.7,False,陈韫中,0.7,4.98亿
002281,建信裕利灵活配置混合,1,5.4,5.4,False,江映德,5.4,1.14亿
015245,南华丰汇混合A,1,4.3,4.3,False,黄志钢,4.3,18.88亿
003734,万家瑞盈灵活配置混合A,2,1.3,1.1,False,张永强|李自龙,1.3|1.1,1.65亿
012846,恒越蓝筹精选混合,1,0.3,0.3,True,廖明兵,0.3,3.18亿
015604,华安动力领航混合A,1,3.6,3.6,False,孔涛,3.6,1.00亿
000522,华润元大信息传媒科技混合A,1,0.2,0.2,True,李武群,0.2,2.50亿
009689,易方达瑞锦灵活配置混合A,1,3.9,3.9,False,杨康,3.9,44.46亿
008715,景顺长城价值驱动一年持有混合,1,1.1,1.1,False,邹立虎,1.1,4.27亿
001672,国寿安保智慧生活股票A,1,10.7,10.7,False,张琦,10.7,32.70亿
016097,东吴兴弘一年持有期混合A,1,2.5,2.5,False,刘瑞,2.5,1.04亿
014189,南方专精特新混合A,2,4.4,4.4,False,雷嘉源|罗安安,4.4|4.4,1.46亿
016466,国泰海通量化选股混合A,1,3.8,3.8,False,胡崇海,3.8,21.19亿
671030,西部利得事件驱动股票A,1,5.6,5.6,False,张昌平,5.6,15.68亿
001917,招商量化精选股票A,1,10.3,10.3,False,王平,10.3,57.04亿
002943,广发多因子混合,1,5,5,False,杨冬,5,146.64亿
160425,华安创业板两年定开混合,1,0.4,0.4,True,马丁,0.4,1.80亿
001304,建信鑫安回报灵活配置混合A,3,3.6,1,False,江源|徐文琪|赵荣杰,3.6|3|1,3.42亿
006502,财通集成电路产业股票A,1,7.5,7.5,False,金梓才,7.5,13.05亿
018294,景顺长城国企价值混合A,1,1.2,1.2,False,邹立虎,1.2,5.41亿
010115,易方达远见成长混合A,1,5.3,5.3,False,武阳,5.3,52.28亿
016311,中欧优质企业混合A,1,3.8,3.8,False,代云锋,3.8,12.18亿
014339,长江智能制造混合A,1,4.5,4.5,False,施展,4.5,8.35亿
014772,中泰红利价值一年持有混合发起,2,4.2,3.1,False,姜诚|王桃,4.2|3.1,8.03亿
016553,南方鑫悦15个月持有混合A,1,3.7,3.7,False,卢玉珊,3.7,1.05亿
003175,华泰柏瑞多策略混合A,1,5.5,5.5,False,董辰,5.5,16.15亿
501062,南方瑞合定开混合(LOF),1,7.8,7.8,False,史博,7.8,7.75亿
001765,前海开源嘉鑫混合A,1,1.4,1.4,False,吴国清,1.4,13.82亿
002152,华宝核心优势混合A,1,4.5,4.5,False,郑英亮,4.5,10.40亿
002244,景顺长城低碳科技主题混合,1,2.6,2.6,False,孟棋,2.6,7182.91万
002358,国投瑞银瑞祥灵活配置混合A,1,1,1,False,钱瀚,1,2.18亿
001208,诺安低碳经济股票A,2,3.3,3.3,False,韩冬燕|李晓杰,3.3|3.3,8.37亿
011128,华安精致生活混合A,1,5.3,5.3,False,王斌,5.3,17.31亿
014416,泰康研究精选股票发起A,1,4.5,4.5,False,陆建巍,4.5,2.99亿
161912,万家社会责任18个月定开A,1,7.2,7.2,False,莫海波,7.2,7.85亿
001244,华泰柏瑞量化智慧混合A,1,4.7,4.7,False,笪篁,4.7,9.07亿
005373,中加紫金灵活配置混合A,1,3,3,False,林沐尘,3,7305.71万
017744,嘉实绿色主题股票A,1,3.3,3.3,False,蔡丞丰,3.3,6.20亿
000574,宝盈新价值混合A,1,0.9,0.9,False,张戈,0.9,4.76亿
018983,国泰海通新材料混合A,1,0.6,0.6,False,李煜,0.6,1240.97万
002289,华商改革创新股票A,1,3.4,3.4,False,刘力,3.4,7638.23万
005914,景顺长城智能生活混合A,1,1.8,1.8,False,江山,1.8,7.88亿
009447,财通科技创新一年定开混合,1,0.6,0.6,False,邓芳程,0.6,2.37亿
720001,财通价值动量A,1,11.6,11.6,False,金梓才,11.6,31.42亿
016305,农银汇理专精特新混合A,1,3.7,3.7,False,魏刚,3.7,1.74亿
001048,富国新兴产业股票A,1,4.3,4.3,False,孙权,4.3,87.09亿
018728,华夏智胜新锐股票A,1,2.9,2.9,False,孙蒙,2.9,22.70亿
010421,海富通消费优选混合A,1,3.2,3.2,False,刘海啸,3.2,17.67亿
014647,融通先进制造混合A,1,4.3,4.3,False,王迪,4.3,1.60亿
001018,易方达新经济混合,1,11.3,11.3,False,陈皓,11.3,34.19亿
040025,华安科技动力混合A,1,1.1,1.1,False,栾超,1.1,20.91亿
013603,易方达均衡优选一年持有混合A,1,4.1,4.1,False,杨嘉文,4.1,7195.75万
008382,融通产业趋势股票,1,1.7,1.7,False,李进,1.7,3.56亿
001181,南方改革机遇,1,7.4,7.4,False,卢玉珊,7.4,4.24亿
011369,华商均衡成长混合A,1,1.3,1.3,False,张明昕,1.3,69.43亿
015527,弘毅远方汽车产业升级混合A,1,1.9,1.9,False,王哲宇,1.9,4927.54万
006100,平安优势产业混合A,1,7.8,7.8,False,黄维,7.8,2.70亿
001140,工银总回报灵活配置混合A,1,11.2,11.2,False,鄢耀,11.2,3.95亿
014508,汇添富先进制造混合A,1,4.3,4.3,False,董超,4.3,11.16亿
001536,南方君选,1,6.1,6.1,False,卢玉珊,6.1,2.23亿
016840,博道惠泰优选混合A,1,3.4,3.4,False,孙文龙,3.4,13.74亿
008261,招商研究优选股票A,1,3.6,3.6,False,梁辰,3.6,16.97亿
240011,华宝大盘精选混合,1,3.3,3.3,False,郑英亮,3.3,6.37亿
015904,广发新能源精选股票A,1,3.1,3.1,False,毛昆,3.1,37.33亿
001249,易方达新利灵活配置混合,2,3.9,0.3,True,张璐涵|杨康,0.3|3.9,5.88亿
000573,天弘通利混合A,2,4.7,0.5,False,胡彧|金梦,0.5|4.7,5.43亿
014668,银华专精特新量化优选股票发起A,1,1.3,1.3,False,杨腾,1.3,1.94亿
002125,广发新兴成长灵活配置混合A,1,7.7,7.7,False,刘玉,7.7,5.59亿
002252,融通成长30灵活配置混合A,1,1.7,1.7,False,李文海,1.7,3.30亿
002095,博时新收益A,1,10.3,10.3,False,过钧,10.3,8.22亿
015440,信澳智选先锋一年持有期混合A,1,0.8,0.8,False,郭敏,0.8,6884.19万
001562,易方达瑞和灵活配置混合,1,1.1,1.1,False,计瑾,1.1,3.21亿
009402,交银启明混合A,1,0.7,0.7,False,周珊珊,0.7,13.00亿
018823,国金智享量化选股混合A,1,2.8,2.8,False,马芳,2.8,49.20亿
519181,万家和谐增长A,1,11.1,11.1,False,莫海波,11.1,11.20亿
014736,创金合信专精特新股票发起A,1,4.4,4.4,False,王先伟,4.4,2.28亿
016307,景顺长城北交所精选两年定期开放混合A,1,1.8,1.8,False,农冰立,1.8,2.01亿
014562,易方达品质动能三年持有混合A,1,3.9,3.9,False,陈皓,3.9,38.86亿
001324,华宝新价值混合,2,9.2,2,False,林昊|唐雪倩,9.2|2,2.38亿
202213,南方核心竞争混合,1,10.5,10.5,False,卢玉珊,10.5,2.76亿
001433,易方达瑞景混合,1,3.9,3.9,False,杨康,3.9,5.83亿
018409,中欧价值回报混合A,1,3,3,False,蓝小康,3,47.19亿
009188,鹏华股息精选混合,1,2.4,2.4,False,李琢,2.4,7640.70万
012350,万家元贞量化选股股票A,1,3.3,3.3,False,乔亮,3.3,21.63亿
014506,博时成长臻选混合A,1,4.4,4.4,False,陈鹏扬,4.4,1.25亿
012221,瑞达行业轮动混合A,1,2.1,2.1,False,张锡莹,2.1,7341.39万
000480,东方红新动力混合A,1,10.8,10.8,False,周云,10.8,63.34亿
002980,华夏创新前沿股票A,1,6.2,6.2,False,屠环宇,6.2,26.48亿
003026,安信新价值混合A,2,4.8,0.5,False,梁冰哲|柴迪伊,4.8|0.5,34.48亿
015079,永赢成长远航一年持有混合A,2,2,1.5,False,陈思远|高楠,1.5|2,2.77亿
100039,富国通胀通缩主题轮动混合A,1,7.4,7.4,False,曹晋,7.4,23.47亿
010383,宝盈基础产业混合A,1,0.6,0.6,False,叶秀贤,0.6,3.26亿
006025,诺安优化配置混合A,1,3.9,3.9,False,刘慧影,3.9,25.70亿
006430,凯石澜龙头经济一年持有期混合,2,0.8,0.8,False,许迟|李琛,0.8|0.8,1.06亿
015641,银华数字经济股票发起式A,1,4.1,4.1,False,王晓川,4.1,12.05亿
009913,中信保诚成长动力A,1,0.2,0.2,True,杨柳青,0.2,2.44亿
007355,汇添富科技创新混合A,1,7.1,7.1,False,马翔,7.1,114.50亿
006429,诺安恒鑫混合,1,3.6,3.6,False,刘晓飞,3.6,7541.54万
000743,红塔红土盛世普益混合发起式,1,1.7,1.7,False,赵耀,1.7,5562.25万
002449,民生加银量化中国混合A,1,2.5,2.5,False,周帅,2.5,6392.10万
460007,华泰柏瑞行业领先混合,1,16.6,16.6,False,吕慧建,16.6,2.65亿
000586,景顺长城中小创精选股票A,2,3.6,1.6,False,刘力思|张靖,1.6|3.6,1.94亿
012124,博道盛彦混合A,1,5,5,False,张建胜,5,26.63亿
002258,大成国企改革灵活配置混合A,2,5.4,0.2,True,韩创|张家旺,5.4|0.2,14.30亿
161728,招商瑞智优选混合(LOF),1,0.2,0.2,True,李毅,0.2,17.04亿
003502,金鹰鑫瑞混合A,2,8,5.7,False,倪超|龙悦芳,5.7|8,1.57亿
014023,宏利景气领航两年持有,1,1.4,1.4,False,孙硕,1.4,6.18亿
014938,同泰产业升级混合A,1,2,2,False,王秀,2,3.53亿
014267,华商竞争力优选混合A,1,1.4,1.4,False,陈夏琼,1.4,7202.02万
016067,鹏华新能源汽车混合A,1,3.9,3.9,False,闫思倩,3.9,22.38亿
001743,诺安优选回报混合A,1,2.6,2.6,False,杨谷,2.6,9.78亿
001441,易方达瑞信混合I,1,1.1,1.1,False,罗川,1.1,11.85亿
240022,华宝资源优选混合A,2,6.8,0.8,False,丁靖斐|杨奇,6.8|0.8,34.26亿
005094,万家臻选混合A,1,8.5,8.5,False,莫海波,8.5,21.52亿
165531,中信保诚多策略灵活配置混合(LOF)A,1,0.8,0.8,False,王颖,0.8,26.60亿
570008,诺德周期策略混合,2,11,0.9,False,陈国光|罗世锋,0.9|11,9.08亿
008372,富国阿尔法两年持有期混合,1,1,1,False,张弘,1,2.99亿
008134,鹏华优选价值股票A,1,6.5,6.5,False,伍旋,6.5,37.97亿
007066,浦银安盛先进制造混合A,1,1.3,1.3,False,郑敏宏,1.3,1.81亿
002350,华安安华A,1,4.8,4.8,False,刘畅畅,4.8,5.63亿
012500,博时汇荣回报混合A,1,4.8,4.8,False,吴渭,4.8,2.00亿
020018,国泰金鹿混合,1,4,4,False,赵大震,4,1.27亿
008318,博道久航混合A,1,1.6,1.6,False,刘玮明,1.6,52.33亿
002770,安信新回报混合A,1,6.9,6.9,False,陈鹏,6.9,3.93亿
002863,金信深圳成长混合发起式A,1,5.1,5.1,False,黄飙,5.1,10.16亿
013323,国寿安保盛泽三年持有混合A,1,4.4,4.4,False,吴坚,4.4,1.00亿
005472,富国价值驱动灵活配置混合A,1,7.7,7.7,False,吴畏,7.7,1.65亿
010662,富国均衡优选混合,1,5.4,5.4,False,杨栋,5.4,20.83亿
003882,易方达瑞弘灵活配置混合A,2,1.2,0.9,False,罗川|张略钊,1.2|0.9,2.11亿
002860,前海开源沪港深新机遇灵活配置混合A,1,3.4,3.4,False,崔宸龙,3.4,8453.26万
001162,前海开源优势蓝筹股票A,1,3.3,3.3,False,田维,3.3,6693.15万
519195,万家品质A,1,10.9,10.9,False,莫海波,10.9,37.29亿
166002,中欧新蓝筹混合A,2,15.1,4.7,False,冯炉丹|周蔚文,4.7|15.1,98.61亿
016626,汇添富创新成长混合A,1,3.5,3.5,False,樊勇,3.5,3.66亿
004335,华宝新飞跃灵活配置混合,2,9.3,2.7,False,唐雪倩|李栋梁,2.7|9.3,2.28亿
018122,永赢数字经济智选混合A,1,3.2,3.2,False,王文龙,3.2,41.19亿
013463,大成致远优势一年持有期混合A,1,4.5,4.5,False,徐彦,4.5,2.89亿
002407,前海开源恒远灵活配置混合,1,10.2,10.2,False,邱杰,10.2,1.84亿
009907,湘财长泽灵活配置混合A,1,0.7,0.7,False,车广路,0.7,1.52亿
002861,工银智能制造股票A,1,3.7,3.7,False,李劭钊,3.7,9.89亿
005576,华泰柏瑞新金融地产混合A,1,8.3,8.3,False,杨景涵,8.3,30.66亿
519212,万家宏观择时多策略混合A,1,5.7,5.7,False,黄海,5.7,7.24亿
005616,东方量化成长灵活配置混合A,1,4.1,4.1,False,王怀勋,4.1,1.40亿
017746,建信电子行业股票A,1,3.2,3.2,False,江映德,3.2,5.53亿
014275,易方达北交所精选两年定开混合A,1,0.8,0.8,False,邱天蓝,0.8,2.90亿
014639,兴全合衡三年持有混合A,1,0.2,0.2,True,张传杰,0.2,24.87亿
005660,嘉实资源精选股票A,1,2.2,2.2,False,刘杰,2.2,25.17亿
001170,宏利复兴伟业灵活配置混合A,1,3.6,3.6,False,孙硕,3.6,31.63亿
530019,建信社会责任混合A,1,0.3,0.3,True,赵荣杰,0.3,2.93亿
004959,圆信永丰优悦生活混合,1,0.1,0.1,True,田玉铎,0.1,3.10亿
015145,同泰新能源优选1年持有期股票A,2,1.1,0,True,陈宗超|赵勇,1.1|0,1.09亿
952004,国泰海通君得明混合A,2,4.2,4.2,False,陈思靖|李子波,4.2|4.2,11.11亿
002137,诺安利鑫灵活配置混合A,1,3.9,3.9,False,赵森,3.9,19.18亿
016117,贝莱德先进制造一年持有混合A,2,0.8,0.6,False,单秀丽|陈之渊,0.8|0.6,1.19亿
000628,大成高鑫股票A,1,10.9,10.9,False,刘旭,10.9,151.55亿
000746,招商行业精选股票,1,0.1,0.1,True,郭锐,0.1,34.12亿
015789,永赢高端装备智选混合发起A,1,3.9,3.9,False,张璐,3.9,189.31亿
008269,大成睿享混合A,1,6.5,6.5,False,徐彦,6.5,68.53亿
017842,农银汇理景气优选混合A,1,0.4,0.4,True,廖凌,0.4,2.13亿
673141,西部利得景程混合A,1,0.8,0.8,False,董伟炜,0.8,2.52亿
012530,永赢惠添盈一年持有混合,1,3.3,3.3,False,许拓,3.3,8747.26万
014185,招商专精特新股票A,1,4.5,4.5,False,韩冰,4.5,2.32亿
166020,中欧成长优选混合A,1,1.2,1.2,False,柳世庆,1.2,6.76亿
001753,红土创新新兴产业混合A,1,3.5,3.5,False,廖星昊,3.5,17.70亿
000354,长盛城镇化主题混合A,1,8,8,False,代毅,8,4.79亿
000739,平安新鑫先锋A,1,7,7,False,张晓泉,7,27.75亿
006160,博道启航混合A,1,0.1,0.1,True,刘兆阳,0.1,2.94亿
001422,景顺长城安享回报灵活配置混合A,1,5.9,5.9,False,陈莹,5.9,15.26亿
010391,易方达战略新兴产业股票A,1,3.1,3.1,False,欧阳良琦,3.1,64.73亿
010826,大成产业趋势混合A,1,5.3,5.3,False,韩创,5.3,68.65亿
001285,易方达新鑫灵活配置混合I,1,3.9,3.9,False,杨康,3.9,25.37亿
007639,汇添富竞争优势灵活配置混合,1,0.7,0.7,False,马磊,0.7,25.80亿
501079,大成科创主题混合(LOF)A,1,0.4,0.4,True,郭玮羚,0.4,4.71亿
660015,农银行业轮动混合A,1,4.9,4.9,False,邢军亮,4.9,4.75亿
015967,永赢半导体产业智选混合A,1,3,3,False,张海啸,3,49.99亿
016303,中信建投北交所精选两年定期开放混合A,1,1.9,1.9,False,冷文鹏,1.9,2.80亿
001402,中信保诚新选混合A,1,2.8,2.8,False,孙惠成,2.8,5.55亿
017244,南方前瞻动力混合A,1,3.4,3.4,False,钟贇,3.4,2.21亿
161132,易方达科顺定开混合,1,3.3,3.3,False,张晓宇,3.3,8088.88万
003567,华夏行业景气混合A,1,5.9,5.9,False,钟帅,5.9,97.02亿
005844,东方人工智能主题混合A,1,6.1,6.1,False,严凯,6.1,107.89亿
014294,南方北交所精选两年定开混合发起,1,4.6,4.6,False,雷嘉源,4.6,1.95亿
004750,广发鑫和灵活配置混合A,1,5.2,5.2,False,吴迪,5.2,26.08亿
014472,景顺长城远见成长混合A,1,2.4,2.4,False,孟棋,2.4,1.45亿
016372,信澳匠心严选一年持有期混合A,1,1.5,1.5,False,吴清宇,1.5,3.23亿
001040,新华策略精选股票A,1,9.1,9.1,False,赵强,9.1,12.02亿
003591,华泰柏瑞享利混合A,2,5.5,3.5,False,董辰|姬青,5.5|3.5,9.79亿
310358,申万菱信新经济混合A,1,5.7,5.7,False,付娟,5.7,16.97亿
012064,圆信永丰兴诺一年持有期混合,2,2.2,2.2,False,胡春霞|浦宇佳,2.2|2.2,9.24亿
014600,博时回报严选混合A,1,4.3,4.3,False,肖瑞瑾,4.3,1.94亿
014232,博时专精特新主题混合A,1,3.4,3.4,False,刘玉强,3.4,3.92亿
002871,华夏智胜价值成长A,1,6.2,6.2,False,孙蒙,6.2,8.04亿
090013,大成竞争优势混合A,1,6.5,6.5,False,徐彦,6.5,49.55亿
016500,华夏半导体龙头混合A,1,3.7,3.7,False,高翔,3.7,5.84亿
001806,易方达瑞智灵活配置混合I,1,3.9,3.9,False,杨康,3.9,10.16亿
014254,信澳智远三年持有混合A,1,4.4,4.4,False,冯明远,4.4,19.19亿
011665,汇添富数字经济三年持有混合A,1,4.9,4.9,False,杨瑨,4.9,32.24亿
009591,博时研究精选一年持有期混合A,1,4.9,4.9,False,蔡滨,4.9,3.28亿
001227,中邮信息产业灵活配置混合A,1,11.1,11.1,False,周楠,11.1,9.77亿
004010,华泰柏瑞鼎利灵活配置混合A,3,6,2.1,False,董辰|郑青|闫泽君,5.5|6|2.1,154.36亿
519087,新华优选分红混合A,1,9.1,9.1,False,赵强,9.1,13.51亿
009048,浦银安盛科技创新优选混合本基金,1,3,3,False,秦闻,3,6374.97万
003839,易方达瑞通灵活配置混合A,1,1.2,1.2,False,罗川,1.2,5.07亿
008962,建信科技创新混合A,1,6.2,6.2,False,邵卓,6.2,3.99亿
014541,华安新能源主题混合A,1,2.9,2.9,False,熊哲颖,2.9,3.39亿
000698,宝盈科技30混合,1,1.5,1.5,False,容志能,1.5,13.38亿
015320,长江新兴产业混合A,1,4.1,4.1,False,张剑鑫,4.1,2.68亿
007777,中邮研究精选混合,1,2.2,2.2,False,江刘玮,2.2,2.00亿
000756,建信潜力新蓝筹股票A,1,1.4,1.4,False,江映德,1.4,3.57亿
002291,诺安安鑫灵活配置混合,1,1.8,1.8,False,赵森,1.8,1.34亿
009217,博时荣丰回报灵活配置混合A,1,0.2,0.2,True,陈伟,0.2,9768.85万
001869,招商制造业混合A,2,1.2,0.4,True,李华建|周欣,0.4|1.2,10.34亿
014376,东吴新能源汽车股票A,1,4.4,4.4,False,刘元海,4.4,4.29亿
016157,汇添富数字经济核心产业一年持有期混合A,1,3.1,3.1,False,郑乐凯,3.1,8498.48万
010385,华安汇嘉精选混合A,1,4.4,4.4,False,王斌,4.4,15.41亿
110025,易方达资源行业混合,1,1.6,1.6,False,朱运,1.6,32.64亿
018130,博时ESG量化选股混合A,1,3.2,3.2,False,刘钊,3.2,8.71亿
008251,汇安宜创量化精选混合A,1,5.5,5.5,False,柳预才,5.5,1.40亿
017043,汇添富品质价值混合,1,3.5,3.5,False,温宇峰,3.5,16.27亿
959991,兴证资管金麒麟领先优势一年持有期混合A,1,1.2,1.2,False,郑方镳,1.2,3.68亿
015096,东财数字经济混合发起式A,1,1.5,1.5,False,冯杰波,1.5,2.12亿
001122,鹏华弘利混合A,1,11.1,11.1,False,李君,11.1,34.89亿
003993,前海开源沪港深核心驱动混合,1,0.2,0.2,True,王可三,0.2,1.23亿
519133,海富通改革驱动混合,1,10.1,10.1,False,周雪军,10.1,33.67亿
090019,大成景恒混合A,1,8,8,False,苏秉毅,8,17.71亿
013247,交银瑞卓三年持有期混合,1,4.7,4.7,False,郭斐,4.7,5.13亿
006615,工银战略新兴产业混合A,2,6.7,4.3,False,马丽娜|夏雨,4.3|6.7,5.73亿
013899,摩根全景优势股票A,1,4.4,4.4,False,倪权生,4.4,1.00亿
501026,财通多策略福享混合(LOF),1,7,7,False,夏钦,7,1.12亿
007685,华商电子行业量化股票A,1,6.7,6.7,False,艾定飞,6.7,1.80亿
001802,易方达瑞财I,2,1.7,1.7,False,胡剑|李昭函,1.7|1.7,13.29亿
013465,博时智选量化多因子股票A,1,4.6,4.6,False,刘钊,4.6,23.24亿
009023,鹏华稳健回报混合A,1,4.6,4.6,False,胡颖,4.6,10.55亿
001342,易方达新享灵活配置混合A,1,1.1,1.1,False,罗川,1.1,2.81亿
004434,博时逆向投资混合A,1,5.6,5.6,False,李喆,5.6,8268.38万
004958,圆信永丰优享生活,1,2.2,2.2,False,汪萍,2.2,2.59亿
009049,易方达高端制造混合A,1,6.2,6.2,False,祁禾,6.2,61.02亿
017723,银华心质混合A,2,3.2,3.2,False,张萍|杜宇,3.2|3.2,3.59亿
010790,海富通均衡甄选混合A,2,5.4,1.9,False,周雪军|吴昊,5.4|1.9,19.16亿
011977,格林研究优选混合A,1,1.1,1.1,False,郑中华,1.1,8957.41万
008657,景顺长城科技创新混合A,1,2.4,2.4,False,张仲维,2.4,29.68亿
006751,富国互联科技股票A,1,7.2,7.2,False,许炎,7.2,40.34亿
580009,东吴多策略灵活配置混合A,1,4.7,4.7,False,张浩佳,4.7,9735.62万
006904,泰康产业升级混合A,1,7.1,7.1,False,薛小波,7.1,8.66亿
001480,财通成长优选混合A,1,11,11,False,金梓才,11,33.06亿
016507,长城数字经济混合A,1,3.4,3.4,False,韩林,3.4,2.39亿
017935,国泰海通远见价值混合A,1,3.3,3.3,False,朱晨曦,3.3,2.77亿
001506,景顺长城泰和回报A,1,6.1,6.1,False,邓敬东,6.1,1.89亿
014805,国金量化精选混合A,1,4.2,4.2,False,马芳,4.2,79.14亿
010646,融通价值趋势混合A,1,2.8,2.8,False,李进,2.8,2.05亿
005962,宝盈人工智能股票A,1,0.6,0.6,False,叶秀贤,0.6,10.06亿
016810,信澳博见成长一年定期开放混合A,1,3.1,3.1,False,李博,3.1,3.31亿
501046,财通多策略福鑫定开混合,1,8.1,8.1,False,金梓才,8.1,3.35亿
501219,华夏智胜先锋股票(LOF)A,1,4.5,4.5,False,孙蒙,4.5,28.66亿
000061,华夏盛世混合,1,1,1,False,连骁,1,9.85亿
001105,信澳转型创新股票A,1,4.5,4.5,False,朱然,4.5,3.33亿
002560,诺安和鑫灵活配置混合A,1,2.7,2.7,False,陈衍鹏,2.7,30.71亿
519158,新华趋势领航混合,1,3.6,3.6,False,赵强,3.6,4.38亿
015289,格林高股息优选混合A,1,3.6,3.6,False,刘赞,3.6,4.47亿
001800,华安新乐享灵活配置混合A,2,4.1,4.1,False,张瑞|郑伟山,4.1|4.1,9.23亿
017987,易方达国企主题混合A,1,3,3,False,张晓宇,3,5.69亿
003189,汇添富保鑫灵活配置混合A,1,5.4,5.4,False,胡奕,5.4,6.60亿
001305,九泰天富改革混合A,1,1.6,1.6,False,霍霄,1.6,1.17亿
008980,中邮科技创新精选混合A,1,4.4,4.4,False,王瑶,4.4,6.60亿
009098,景顺长城价值领航混合,1,1.1,1.1,False,刘苏,1.1,7.74亿
016297,中欧丰泰港股通混合A,1,3.7,3.7,False,罗佳明,3.7,11.90亿
014207,华安产业精选混合A,1,4.5,4.5,False,刘畅畅,4.5,13.24亿
007449,兴全多维价值混合A,1,4.9,4.9,False,杨世进,4.9,54.25亿
008576,财通碳中和一年持有期混合A,1,2.9,2.9,False,唐家伟,2.9,8397.63万
018325,国泰海通创新成长混合A,1,1.7,1.7,False,陈思靖,1.7,50.98亿
009892,富国成长策略混合A,1,5.8,5.8,False,许炎,5.8,27.58亿
700003,平安策略先锋混合,1,9.9,9.9,False,神爱前,9.9,21.52亿
005009,申万菱信行业轮动股票A,1,3.2,3.2,False,苗琦,3.2,6.25亿
000936,博时产业新动力混合A,2,11.4,0.1,True,郭永升|蔡滨,0.1|11.4,3.49亿
001959,华商乐享互联灵活配置混合A,1,3.8,3.8,False,余懿,3.8,10.67亿
011834,大成投资严选六月持有混合A,1,4.9,4.9,False,徐彦,4.9,11.93亿
014287,泰康新锐成长混合A,1,3.5,3.5,False,韩庆,3.5,57.93亿
006265,红土创新新科技股票A,1,3.5,3.5,False,盖俊龙,3.5,10.29亿
001247,华泰柏瑞新利混合A,2,6,5.8,False,郑青|董辰,6|5.8,21.87亿
519029,华夏平稳增长,1,11.3,11.3,False,彭海伟,11.3,14.88亿
012294,泰康优势精选三年持有期混合,1,4.8,4.8,False,薛小波,4.8,2.31亿
011488,申万菱信乐享混合A,1,5.2,5.2,False,付娟,5.2,7.57亿
001745,易方达瑞富灵活配置混合I,1,2.9,2.9,False,林虎,2.9,5.79亿
001415,中信保诚新锐混合A,1,6.4,6.4,False,王颖,6.4,1.52亿
012647,中欧洞见一年持有混合,1,3.9,3.9,False,代云锋,3.9,8.69亿
014198,华夏智胜先锋股票C,1,4.5,4.5,False,孙蒙,4.5,28.66亿
001532,华安文体健康混合A,2,6.4,2.9,False,刘畅畅|桑翔宇,6.4|2.9,23.68亿
501081,中欧科创主题混合(LOF)A,1,6.3,6.3,False,邵洁,6.3,25.36亿
017483,财通资管数字经济混合A,1,0.2,0.2,True,李响,0.2,52.43亿
011884,工银景气优选混合A,1,3.9,3.9,False,杨柯,3.9,6.57亿
014818,国金新兴价值混合A,1,2.2,2.2,False,张望,2.2,2.26亿
003373,大成景禄灵活配置混合A,1,3.2,3.2,False,李煜,3.2,1.46亿
009491,宝盈创新驱动股票A,1,3.2,3.2,False,容志能,3.2,9.31亿
004695,东兴未来价值混合A,2,2.8,2.8,False,张旭|李兵伟,2.8|2.8,3.34亿
001396,建信互联网+产业升级股票,1,11,11,False,何珅华,11,1.93亿
011160,富国质量成长6个月持有混合A,1,4.3,4.3,False,吴栋栋,4.3,1.93亿
012477,富国匠心精选12个月持有混合A,1,4.8,4.8,False,曹晋,4.8,4.84亿
168401,红土创新转型精选混合(LOF)A,1,7.5,7.5,False,盖俊龙,7.5,1.39亿
005632,鹏华量化先锋混合,1,1.5,1.5,False,时赟超,1.5,1.26亿
080002,长盛创新先锋混合A,1,0.6,0.6,False,滕光耀,0.6,1.20亿
014329,国联优势产业混合A,1,3.5,3.5,False,郑玲,3.5,40.75亿
000308,建信创新中国混合,1,11.1,11.1,False,邵卓,11.1,3.36亿
004674,富国新机遇灵活配置混合A,1,2.1,2.1,False,张弘,2.1,18.70亿
008271,大成优势企业混合A,1,6.5,6.5,False,刘旭,6.5,34.86亿
161040,富国创业板两年定开混合,1,5.9,5.9,False,曹晋,5.9,13.08亿
004890,中邮文娱灵活配置混合A,1,4.1,4.1,False,宫正,4.1,1.42亿
013960,万家新机遇成长一年持有期混合发起式A,1,4.5,4.5,False,束金伟,4.5,2.69亿
110005,易方达积极成长,1,5,5,False,何崇恺,5,37.80亿
001125,博时互联网主题灵活配置混合,1,0.6,0.6,False,陈伟,0.6,4.17亿
008734,交银科锐科技创新混合A,1,4.8,4.8,False,高扬,4.8,2.93亿
011708,中欧嘉益一年持有期混合A,1,2.5,2.5,False,叶培培,2.5,2.10亿
011506,建信高端装备股票A,1,5.1,5.1,False,黄子凌,5.1,4.99亿
018124,永赢先进制造智选混合A,1,3.1,3.1,False,张璐,3.1,157.02亿
001265,国泰兴益灵活配置混合A,1,9.4,9.4,False,王琳,9.4,7926.82万
050009,博时新兴成长混合,1,13.4,13.4,False,曾鹏,13.4,25.34亿
012250,安信平衡增利混合A,1,0.9,0.9,False,李君,0.9,1.46亿
004183,富国产业升级混合A,1,9,9,False,章旭峰,9,5748.62万
011229,创金合信数字经济主题股票A,1,2.9,2.9,False,王鑫,2.9,2.38亿
000828,宏利转型机遇A,1,1.4,1.4,False,孟杰,1.4,25.49亿
011167,景顺长城景气成长A,1,5,5,False,董晗,5,10.40亿
001070,建信信息产业股票A,1,0.7,0.7,False,江映德,0.7,5.14亿
005550,汇安成长优选混合A,1,3,3,False,单柏霖,3,21.90亿
009914,富国成长动力混合A,1,5.7,5.7,False,曹晋,5.7,8.30亿
004784,招商稳健优选股票A,1,4.7,4.7,False,陈西中,4.7,3.41亿
013417,博时核心资产精选混合A,1,4.7,4.7,False,冀楠,4.7,2.74亿
016464,兴全合瑞混合A,1,3.8,3.8,False,谢书英,3.8,22.16亿
014325,国联安核心趋势一年持有混合A,1,4.5,4.5,False,魏东,4.5,3.65亿
004745,长盛创新驱动灵活配置混合A,1,0.6,0.6,False,郭堃,0.6,5.45亿
014036,博时成长回报混合A,1,4.5,4.5,False,肖瑞瑾,4.5,2.17亿
000418,景顺长城成长之星A,1,6.1,6.1,False,周寒颖,6.1,25.30亿
001364,大成景润灵活配置混合A,1,3.5,3.5,False,徐雄晖,3.5,6990.57万
012640,鹏华稳健鸿利一年持有期混合A,1,4.8,4.8,False,伍旋,4.8,1.95亿
501082,博时科创主题灵活配置混合(LOF)A,1,0.1,0.1,True,齐宁,0.1,4.02亿
013853,大成匠心卓越三年持有混合A,1,4,4,False,刘旭,4,34.03亿
673060,西部利得景瑞灵活配置混合A,1,0.4,0.4,True,张昌平,0.4,4.29亿
011111,华泰柏瑞行业严选混合A,1,5,5,False,吕慧建,5,9740.89万
001405,东方红策略精选混合A,1,9.9,9.9,False,孔令超,9.9,17.24亿
673110,西部利得新润混合A,1,2.1,2.1,False,葛山,2.1,4.68亿
004320,前海开源沪港深乐享生活,2,4.7,1.5,False,梁策|魏淳,1.5|4.7,10.57亿
002282,平安安享灵活配置混合A,1,2.3,2.3,False,莫艽,2.3,1.81亿
169103,东方红睿轩三年持有混合,1,4.1,4.1,False,周云,4.1,8.22亿
121010,国投瑞银瑞源灵活配置混合A,1,5.9,5.9,False,綦缚鹏,5.9,3.78亿
006111,泰康弘实3个月定开,2,2.4,0.5,False,陆建巍|范子铭,2.4|0.5,44.85亿
009715,汇添富策略增长灵活配置混合,1,2.4,2.4,False,李灵毓,2.4,1.77亿
166005,中欧价值发现混合A,1,1.2,1.2,False,柳世庆,1.2,28.25亿
010779,西部利得量化优选一年持有期A,1,2.6,2.6,False,翟梓舰,2.6,3.18亿
009189,华宝成长策略混合A,1,6.1,6.1,False,汤慧,6.1,1.38亿
015485,平安策略优选1年持有期混合A,1,3.4,3.4,False,神爱前,3.4,2.93亿
012456,鹏扬数字经济先锋混合A,2,1.8,0.6,False,章宏帆|张勋,0.6|1.8,3.98亿
161611,融通内需驱动混合A,1,1.5,1.5,False,刘安坤,1.5,4.81亿
004390,平安转型创新混合A,1,6.5,6.5,False,神爱前,6.5,4.54亿
008850,景顺长城价值稳进三年定开混合,1,1.2,1.2,False,刘苏,1.2,8.97亿
009062,财通智慧成长混合A,1,1.4,1.4,False,贾雅楠,1.4,4.24亿
050010,博时特许价值混合A,1,8,8,False,曾鹏,8,5.60亿
013095,安信远见成长混合A,1,4.3,4.3,False,张竞,4.3,25.83亿
014187,华夏量化优选股票A,1,4.5,4.5,False,袁英杰,4.5,3.89亿
011030,达诚价值先锋灵活配置A,2,0.9,0.3,True,陈染|缪扬帆,0.9|0.3,3086.69万
017606,华泰柏瑞轮动精选混合A,1,3.1,3.1,False,董辰,3.1,18.68亿
002064,华富产业升级灵活配置混合A,1,0.5,0.5,False,沈成,0.5,2.56亿
519778,交银经济新动力混合A,1,8,8,False,郭斐,8,16.68亿
519197,万家颐达灵活配置混合A,1,3.3,3.3,False,乔亮,3.3,5589.54万
000823,银华高端制造业A,2,9.6,5,False,薄官辉|王浩,9.6|5,2.89亿
010114,华宝新兴成长混合A,1,4.5,4.5,False,陈怀逸,4.5,2.03亿
017876,汇添富新能源精选混合A,1,3.2,3.2,False,刘昇,3.2,9.79亿
014811,平安兴奕成长1年持有混合A,1,4.4,4.4,False,神爱前,4.4,1.07亿
000925,汇添富外延增长主题股票A,1,6.5,6.5,False,蔡志文,6.5,31.06亿
008955,交银创新领航混合,1,6.3,6.3,False,郭斐,6.3,13.39亿
003692,大成景尚灵活配置混合A,1,9.1,9.1,False,孙丹,9.1,44.84亿
007592,华夏价值精选混合A,1,5.3,5.3,False,朱熠,5.3,12.70亿
008116,银华沪深股通精选混合A,1,6.1,6.1,False,和玮,6.1,6.85亿
010013,易方达信息行业精选股票A,1,5.8,5.8,False,郑希,5.8,48.13亿
013431,华泰柏瑞景气汇选三年持有期混合A,1,3,3,False,董辰,3,4.22亿
015408,景顺长城成长趋势股票A,2,2.9,0.7,False,刘力思|张靖,0.7|2.9,1.18亿
004671,国联核心成长,1,3.3,3.3,False,吴刚,3.3,8302.31万
015564,大成弘远回报一年持有期混合A,1,3.7,3.7,False,徐彦,3.7,8.53亿
014420,中欧成长领航一年持有混合A,1,0,0,True,殷姿,0,6.14亿
005587,安信比较优势混合A,1,5.4,5.4,False,张竞,5.4,1.84亿
001835,易方达瑞祥灵活配置混合A,1,2.9,2.9,False,林虎,2.9,3.25亿
013680,华安品质甄选混合A,1,3.9,3.9,False,刘畅畅,3.9,22.48亿
519191,万家新利灵活配置混合,1,5.7,5.7,False,黄海,5.7,4.91亿
005598,广发中小盘精选混合A,1,4.7,4.7,False,陈韫中,4.7,54.05亿
519698,交银先锋混合A,1,5.9,5.9,False,封晴,5.9,5.67亿
320005,诺安价值增长混合A,1,2,2,False,吕磊,2,18.69亿
002179,华安事件驱动量化策略混合A,1,6.1,6.1,False,张序,6.1,35.37亿
014460,平安品质优选混合A,1,4.5,4.5,False,神爱前,4.5,8.49亿
015137,国富均衡增长混合A,1,3.9,3.9,False,刘晓,3.9,2.16亿
004666,长城久嘉创新成长混合A,1,6.6,6.6,False,尤国梁,6.6,48.24亿
487016,工银瑞信灵活配置混合A,1,8.3,8.3,False,李昱,8.3,3.06亿
240017,华宝新兴产业混合,1,3.7,3.7,False,陈怀逸,3.7,3.54亿
012082,博时数字经济混合A,1,5,5,False,肖瑞瑾,5,9.90亿
519704,交银先进制造混合A,1,0.7,0.7,False,郭若,0.7,38.51亿
000526,国泰浓益灵活配置混合A,2,0.7,0.5,False,秦培栋|郑双明,0.7|0.5,6433.82万
010415,华泰柏瑞质量精选混合A,1,2.9,2.9,False,陈文凯,2.9,21.67亿
100022,富国天瑞强势A,2,2.9,0,True,徐智翔|毕天宇,2.9|0,37.36亿
011170,宝盈智慧生活混合A,1,0.6,0.6,False,赵国进,0.6,8275.99万
002692,富国创新科技混合A,1,0.9,0.9,False,罗擎,0.9,78.61亿
018424,路博迈中国机遇混合A,1,3,3,False,魏晓雪,3,2.26亿
001387,国联新经济混合A,1,6.3,6.3,False,甘传琦,6.3,1.95亿
003501,宏利睿智稳健混合A,1,5.8,5.8,False,孟杰,5.8,7.44亿
002256,金信行业优选混合发起式A,1,5.7,5.7,False,孔学兵,5.7,1.26亿
010363,信澳匠心臻选两年持有期混合,1,3.8,3.8,False,朱然,3.8,12.12亿
006154,华安制造先锋混合A,1,0.4,0.4,True,刘畅畅,0.4,6.92亿
001074,华泰柏瑞沪深300指数增强A,2,3.9,0.6,False,孔令烨|和磊,3.9|0.6,4.20亿
013552,汇添富成长领先混合A,1,4.5,4.5,False,郑磊,4.5,5.92亿
210002,金鹰红利价值A,1,6.1,6.1,False,陈颖,6.1,14.86亿
002707,大摩科技领先混合A,2,7.2,0.2,True,贾昌浩|雷志勇,0.2|7.2,1.45亿
011828,平安睿享成长混合A,1,4.9,4.9,False,黄维,4.9,1.47亿
001272,兴业聚利灵活配置混合A,1,2.6,2.6,False,楼华锋,2.6,6.98亿
014292,嘉实产业领先混合A,1,0.8,0.8,False,李涛,0.8,6.80亿
014299,宏利先进制造股票A,1,4.1,4.1,False,张岩,4.1,1.00亿
001715,工银新焦点混合A,1,3.2,3.2,False,李劭钊,3.2,1.97亿
001188,鹏华改革红利股票,1,4.8,4.8,False,王璐,4.8,2.26亿
001985,富国低碳新经济混合A,1,10.5,10.5,False,杨栋,10.5,18.78亿
519089,新华优选成长混合,1,2.6,2.6,False,赖庆鑫,2.6,3.58亿
013910,兴业兴睿两年持有混合A,1,1.8,1.8,False,邹慧,1.8,17.39亿
001538,摩根科技前沿灵活配置混合A,1,9.6,9.6,False,李德辉,9.6,22.15亿
015504,,0,,,,,,
010936,交银均衡成长一年持有期混合A,1,0.8,0.8,False,徐嘉辰,0.8,15.30亿
012426,南方价值臻选混合A,1,5,5,False,卢玉珊,5,2.40亿
001267,宏利蓝筹混合,1,3.5,3.5,False,魏成,3.5,5604.79万
375010,摩根中国优势A,1,7.2,7.2,False,杜猛,7.2,34.47亿
012093,鹏华创新升级混合A,1,5,5,False,金笑非,5,5.13亿
162214,宏利领先中小盘混合,1,3.3,3.3,False,张岩,3.3,6744.84万
009263,华宝红利精选混合A,1,4,4,False,唐雪倩,4,3.17亿
007872,金信稳健策略灵活配置混合A,1,5.7,5.7,False,孔学兵,5.7,11.39亿
011815,恒越优势精选混合A,1,3.2,3.2,False,吴海宁,3.2,8.20亿
009837,华夏磐锐一年定开混合A,1,5.5,5.5,False,张城源,5.5,1.12亿
000270,建信灵活配置混合A,2,4.7,2.5,False,郭志腾|叶乐天,2.5|4.7,12.77亿
010389,易方达科益混合A,1,0.7,0.7,False,黄蕴藉,0.7,3.22亿
001312,华安新优选灵活配置混合A,2,6.5,6.4,False,周益鸣|陆奔,6.5|6.4,3.55亿
002087,国富新机遇混合A,2,7.7,6.8,False,王莉|刘晓,6.8|7.7,1.93亿
007831,博道伍佰智航股票A,2,6.7,0.9,False,杨梦|刘兆阳,6.7|0.9,18.09亿
008060,景顺长城价值边际灵活配置混合A,1,1.1,1.1,False,刘苏,1.1,12.89亿
202023,南方优选成长混合A,1,11,11,False,骆帅,11,21.78亿
519935,长信创新驱动股票,1,0.4,0.4,True,张思韡,0.4,5111.02万
