fund_code,index_code,index_name,index_mainstream
000103,,海外债/QDII债券基准(待接入),0.3
000163,,海外债/QDII债券基准(待接入),0.3
000274,,海外债/QDII债券基准(待接入),0.3
000275,,海外债/QDII债券基准(待接入),0.3
000290,,海外债/QDII债券基准(待接入),0.3
000341,,海外债/QDII债券基准(待接入),0.3
000342,,海外债/QDII债券基准(待接入),0.3
001021,,Markit iBoxx亚债中国指数/亚债中国指数(待接入),0.4
001023,,Markit iBoxx亚债中国指数/亚债中国指数(待接入),0.4
001061,,海外债/QDII债券基准(待接入),0.3
001063,,海外债/QDII债券基准(待接入),0.3
001065,,海外债/QDII债券基准(待接入),0.3
001066,,海外债/QDII债券基准(待接入),0.3
001512,CBOND_国债总指数_3-5年,中债3-5年国债财富指数,0.6
001876,,海外债/QDII债券基准(待接入),0.3
002286,,海外债/QDII债券基准(待接入),0.3
002287,,海外债/QDII债券基准(待接入),0.3
002391,,海外债/QDII债券基准(待接入),0.3
002392,,海外债/QDII债券基准(待接入),0.3
002393,,海外债/QDII债券基准(待接入),0.3
002400,,海外债/QDII债券基准(待接入),0.3
002401,,海外债/QDII债券基准(待接入),0.3
002402,,海外债/QDII债券基准(待接入),0.3
002403,,海外债/QDII债券基准(待接入),0.3
002426,,海外债/QDII债券基准(待接入),0.3
002427,,海外债/QDII债券基准(待接入),0.3
002429,,海外债/QDII债券基准(待接入),0.3
002659,,中债1-3政策性金融债指数,0.6
002877,,海外债/QDII债券基准(待接入),0.3
002878,,海外债/QDII债券基准(待接入),0.3
002879,,海外债/QDII债券基准(待接入),0.3
002880,,海外债/QDII债券基准(待接入),0.3
003081,,信用债指数族(评级/区域需逐条确认),0.5
003082,,信用债指数族(评级/区域需逐条确认),0.5
003358,CBOND_国开行债券总指数_7-10年,中债7-10年国开行债券财富指数,0.6
003376,CBOND_国开行债券总指数_7-10年,中债7-10年国开行债券财富指数,0.6
003377,CBOND_国开行债券总指数_7-10年,中债7-10年国开行债券财富指数,0.6
003385,,海外债/QDII债券基准(待接入),0.3
003386,,海外债/QDII债券基准(待接入),0.3
003387,,海外债/QDII债券基准(待接入),0.3
003429,,信用债指数族(评级/区域需逐条确认),0.5
003606,,海外债/QDII债券基准(待接入),0.3
003972,,海外债/QDII债券基准(待接入),0.3
003973,,海外债/QDII债券基准(待接入),0.3
004419,,海外债/QDII债券基准(待接入),0.3
004420,,海外债/QDII债券基准(待接入),0.3
004421,,海外债/QDII债券基准(待接入),0.3
004422,,海外债/QDII债券基准(待接入),0.3
004998,,海外债/QDII债券基准(待接入),0.3
004999,,海外债/QDII债券基准(待接入),0.3
005243,,海外债/QDII债券基准(待接入),0.3
005623,CBOND_农发行债券总指数_1-3年,中债1-3年农发行债券财富指数,0.6
005624,CBOND_农发行债券总指数_1-3年,中债1-3年农发行债券财富指数,0.6
005838,,中债1-3政策性金融债指数,0.6
005839,,中债1-3政策性金融债指数,0.6
006224,CBOND_农发行债券总指数_3-5年,中债3-5年农发行债券财富指数,0.6
006285,,海外债/QDII债券基准(待接入),0.3
006409,CBOND_国开行债券总指数_1-3年,中债1-3年国开行债券财富指数,0.6
006410,CBOND_国开行债券总指数_1-3年,中债1-3年国开行债券财富指数,0.6
006451,,中债/中证5年国开行债券指数,0.6
006452,,中债/中证5年国开行债券指数,0.6
006473,,中债1-5进出口行债券指数,0.6
006474,,中债1-5进出口行债券指数,0.6
006481,H11014.CSI,中证短融指数,0.6
006484,CBOND_国开行债券总指数_1-3年,中债1-3年国开行债券财富指数,0.6
006485,CBOND_国开行债券总指数_1-3年,中债1-3年国开行债券财富指数,0.6
006491,CBOND_国开行债券总指数_1-3年,中债1-3年国开行债券财富指数,0.6
006492,CBOND_国开行债券总指数_1-3年,中债1-3年国开行债券财富指数,0.6
006493,CBOND_农发行债券总指数_3-5年,中债3-5年农发行债券财富指数,0.6
006494,CBOND_农发行债券总指数_3-5年,中债3-5年农发行债券财富指数,0.6
006633,,中债1-3政策性金融债指数,0.6
006634,,中债1-3政策性金融债指数,0.6
006745,CBOND_农发行债券总指数_1-3年,中债1-3年农发行债券财富指数,0.6
006746,CBOND_农发行债券总指数_1-3年,中债1-3年农发行债券财富指数,0.6
006848,,中债5-10农发行债券指数,0.6
006849,,中债5-10农发行债券指数,0.6
006925,,中债1-3政策性金融债指数,0.6
006959,CBOND_农发行债券总指数_3-5年,中债3-5年农发行债券财富指数,0.6
006960,CBOND_农发行债券总指数_3-5年,中债3-5年农发行债券财富指数,0.6
006961,CBOND_国开行债券总指数_7-10年,中债7-10年国开行债券财富指数,0.6
006962,CBOND_国开行债券总指数_7-10年,中债7-10年国开行债券财富指数,0.6
007000,CBOND_国开行债券总指数_1-3年,中债1-3年国开行债券财富指数,0.6
007001,CBOND_国开行债券总指数_1-3年,中债1-3年国开行债券财富指数,0.6
007010,,债券指数基准(名称可识别但收益源待接入),0.4
007011,,债券指数基准(名称可识别但收益源待接入),0.4
007021,,中债1-3政策性金融债指数,0.6
007022,,中债1-3政策性金融债指数,0.6
007026,CBOND_国开行债券总指数_1-3年,中债1-3年国开行债券财富指数,0.6
007027,CBOND_国开行债券总指数_1-3年,中债1-3年国开行债券财富指数,0.6
007035,CBOND_国开行债券总指数_1-3年,中债1-3年国开行债券财富指数,0.6
007064,H11014.CSI,中证短融指数,0.6
007065,H11014.CSI,中证短融指数,0.6
007073,H11014.CSI,中证短融指数,0.6
007078,CBOND_国开行债券总指数_3-5年,中债3-5年国开行债券财富指数,0.6
007079,CBOND_国开行债券总指数_3-5年,中债3-5年国开行债券财富指数,0.6
007092,CBOND_国开行债券总指数_3-5年,中债3-5年国开行债券财富指数,0.6
007093,CBOND_国开行债券总指数_3-5年,中债3-5年国开行债券财富指数,0.6
007094,CBOND_国开行债券总指数_总值,中债国开行债券财富指数,0.9
007095,CBOND_国开行债券总指数_总值,中债国开行债券财富指数,0.9
007097,CBOND_国开行债券总指数_1-3年,中债1-3年国开行债券财富指数,0.6
007098,CBOND_国开行债券总指数_1-3年,中债1-3年国开行债券财富指数,0.6
007122,CBOND_国开行债券总指数_1-3年,中债1-3年国开行债券财富指数,0.6
007123,CBOND_国开行债券总指数_1-3年,中债1-3年国开行债券财富指数,0.6
007124,CBOND_农发行债券总指数_1-3年,中债1-3年农发行债券财富指数,0.6
007125,CBOND_农发行债券总指数_1-3年,中债1-3年农发行债券财富指数,0.6
007140,,海外债/QDII债券基准(待接入),0.3
007147,CBOND_国开行债券总指数_1-3年,中债1-3年国开行债券财富指数,0.6
007148,CBOND_国开行债券总指数_1-3年,中债1-3年国开行债券财富指数,0.6
007165,,中债1-3政策性金融债指数,0.6
007166,,中债1-3政策性金融债指数,0.6
007169,CBOND_国开行债券总指数_1-3年,中债1-3年国开行债券财富指数,0.6
007170,CBOND_国开行债券总指数_1-3年,中债1-3年国开行债券财富指数,0.6
007171,CBOND_国开行债券总指数_3-5年,中债3-5年国开行债券财富指数,0.6
007172,CBOND_国开行债券总指数_3-5年,中债3-5年国开行债券财富指数,0.6
007180,,债券指数基准(名称可识别但收益源待接入),0.4
007181,,债券指数基准(名称可识别但收益源待接入),0.4
007186,,中债3-5政策性金融债指数,0.6
007187,,中债3-5政策性金融债指数,0.6
007197,,中债1-5农发行债券指数,0.6
007198,,中债1-5农发行债券指数,0.6
007204,,海外债/QDII债券基准(待接入),0.3
007205,,海外债/QDII债券基准(待接入),0.3
007208,,债券指数基准(名称可识别但收益源待接入),0.4
007209,,债券指数基准(名称可识别但收益源待接入),0.4
007228,CBOND_国开行债券总指数_7-10年,中债7-10年国开行债券财富指数,0.6
007229,,"中债7-10年国开行债券财富指数(TE>3%, 待复核)",0.6
007252,CBOND_农发行债券总指数_总值,中债农发行债券财富指数,0.9
007253,CBOND_农发行债券总指数_总值,中债农发行债券财富指数,0.9
007259,CBOND_农发行债券总指数_1-3年,中债1-3年农发行债券财富指数,0.6
007284,,中债1-5进出口行债券指数,0.6
007285,,中债1-5进出口行债券指数,0.6
007289,CBOND_农发行债券总指数_1-3年,中债1-3年农发行债券财富指数,0.6
007290,CBOND_农发行债券总指数_1-3年,中债1-3年农发行债券财富指数,0.6
007299,,区域/主题/绿色债券指数族(待接入),0.35
007324,CBOND_国开行债券总指数_1-3年,中债1-3年国开行债券财富指数,0.6
007325,CBOND_国开行债券总指数_1-3年,中债1-3年国开行债券财富指数,0.6
007335,CBOND_农发行债券总指数_1-3年,中债1-3年农发行债券财富指数,0.6
007360,,海外债/QDII债券基准(待接入),0.3
007361,,海外债/QDII债券基准(待接入),0.3
007362,,海外债/QDII债券基准(待接入),0.3
007363,,海外债/QDII债券基准(待接入),0.3
007364,,中债1-3政策性金融债指数,0.6
007365,,中债1-3政策性金融债指数,0.6
007390,CBOND_农发行债券总指数_1-3年,中债1-3年农发行债券财富指数,0.6
007485,CBOND_国开行债券总指数_3-5年,中债3-5年国开行债券财富指数,0.6
007486,CBOND_国开行债券总指数_3-5年,中债3-5年国开行债券财富指数,0.6
007495,,中债1-3政策性金融债指数,0.6
007507,CBOND_国开行债券总指数_3-5年,中债3-5年国开行债券财富指数,0.6
007508,CBOND_国开行债券总指数_3-5年,中债3-5年国开行债券财富指数,0.6
007765,CBOND_国开行债券总指数_1-3年,中债1-3年国开行债券财富指数,0.6
007766,CBOND_国开行债券总指数_1-3年,中债1-3年国开行债券财富指数,0.6
007946,CBOND_国开行债券总指数_1-3年,中债1-3年国开行债券财富指数,0.6
007947,CBOND_国开行债券总指数_1-3年,中债1-3年国开行债券财富指数,0.6
007962,,债券指数基准(名称可识别但收益源待接入),0.4
007963,,债券指数基准(名称可识别但收益源待接入),0.4
008015,CBOND_国开行债券总指数_3-5年,中债3-5年国开行债券财富指数,0.6
008016,CBOND_国开行债券总指数_3-5年,中债3-5年国开行债券财富指数,0.6
008042,,债券指数基准(名称可识别但收益源待接入),0.4
008043,,债券指数基准(名称可识别但收益源待接入),0.4
008054,CBOND_国开行债券总指数_7-10年,中债7-10年国开行债券财富指数,0.6
008055,CBOND_国开行债券总指数_7-10年,中债7-10年国开行债券财富指数,0.6
008095,,海外债/QDII债券基准(待接入),0.3
008096,,海外债/QDII债券基准(待接入),0.3
008097,,海外债/QDII债券基准(待接入),0.3
008098,,海外债/QDII债券基准(待接入),0.3
008125,CBOND_国开行债券总指数_1-3年,中债1-3年国开行债券财富指数,0.6
008126,CBOND_国开行债券总指数_1-3年,中债1-3年国开行债券财富指数,0.6
008216,,债券指数基准(名称可识别但收益源待接入),0.4
008256,,中债/中证1-5国开行债券指数,0.6
008257,,中债/中证1-5国开行债券指数,0.6
008320,,海外债/QDII债券基准(待接入),0.3
008321,,海外债/QDII债券基准(待接入),0.3
008340,,信用债指数族(评级/区域需逐条确认),0.5
008341,,信用债指数族(评级/区域需逐条确认),0.5
008367,,海外债/QDII债券基准(待接入),0.3
008368,,海外债/QDII债券基准(待接入),0.3
008482,,债券指数基准(名称可识别但收益源待接入),0.4
008483,,债券指数基准(名称可识别但收益源待接入),0.4
008549,,信用债指数族(评级/区域需逐条确认),0.5
008550,,信用债指数族(评级/区域需逐条确认),0.5
008574,,中债1-3政策性金融债指数,0.6
008583,,中债1-3政策性金融债指数,0.6
008584,,中债1-3政策性金融债指数,0.6
008626,,债券指数基准(名称可识别但收益源待接入),0.4
008627,,债券指数基准(名称可识别但收益源待接入),0.4
008652,,中债1-3政策性金融债指数,0.6
008653,,中债1-3政策性金融债指数,0.6
008677,CBOND_国开行债券总指数_1-3年,中债1-3年国开行债券财富指数,0.6
008751,,海外债/QDII债券基准(待接入),0.3
008752,,海外债/QDII债券基准(待接入),0.3
008844,CBOND_国开行债券总指数_1-3年,中债1-3年国开行债券财富指数,0.6
008845,CBOND_国开行债券总指数_1-3年,中债1-3年国开行债券财富指数,0.6
008933,CBOND_国开行债券总指数_1-3年,中债1-3年国开行债券财富指数,0.6
008956,CBOND_国开行债券总指数_3-5年,中债3-5年国开行债券财富指数,0.6
008957,CBOND_国开行债券总指数_3-5年,中债3-5年国开行债券财富指数,0.6
008964,,中债/中证1-5国开行债券指数,0.6
008965,,中债/中证1-5国开行债券指数,0.6
009035,CBOND_国开行债券总指数_1-3年,中债1-3年国开行债券财富指数,0.6
009036,CBOND_国开行债券总指数_1-3年,中债1-3年国开行债券财富指数,0.6
009087,,中债1-3政策性金融债指数,0.6
009088,,中债1-3政策性金融债指数,0.6
009171,,中债/中证1-5国开行债券指数,0.6
009172,,中债/中证1-5国开行债券指数,0.6
009219,CBOND_农发行债券总指数_1-3年,中债1-3年农发行债券财富指数,0.6
009220,CBOND_农发行债券总指数_1-3年,中债1-3年农发行债券财富指数,0.6
009315,,中债1-3政策性金融债指数,0.6
009316,,中债1-3政策性金融债指数,0.6
009324,CBOND_国开行债券总指数_3-5年,中债3-5年国开行债券财富指数,0.6
009325,CBOND_国开行债券总指数_3-5年,中债3-5年国开行债券财富指数,0.6
009421,CBOND_国开行债券总指数_1-3年,中债1-3年国开行债券财富指数,0.6
009422,,"中债1-3年国开行债券财富指数(TE>3%, 待复核)",0.6
009529,,中债/中证1-5国开行债券指数,0.6
009530,,中债/中证1-5国开行债券指数,0.6
009541,CBOND_农发行债券总指数_1-3年,中债1-3年农发行债券财富指数,0.6
009560,CBOND_国开行债券总指数_1-3年,中债1-3年国开行债券财富指数,0.6
009581,,中债3-5政策性金融债指数,0.6
009582,,中债3-5政策性金融债指数,0.6
009593,CBOND_国开行债券总指数_1-3年,中债1-3年国开行债券财富指数,0.6
009594,CBOND_国开行债券总指数_1-3年,中债1-3年国开行债券财富指数,0.6
009615,CBOND_国开行债券总指数_总值,中债国开行债券财富指数,0.9
009616,CBOND_国开行债券总指数_总值,中债国开行债券财富指数,0.9
009625,,中债3-5政策性金融债指数,0.6
009656,,中债/中证1-5国开行债券指数,0.6
009657,,中债/中证1-5国开行债券指数,0.6
009702,CBOND_农发行债券总指数_1-3年,中债1-3年农发行债券财富指数,0.6
009703,,"中债1-3年农发行债券财富指数(TE>3%, 待复核)",0.6
009721,,中债1-5政策性金融债指数,0.6
009722,,中债1-5政策性金融债指数,0.6
009742,,信用债指数族(评级/区域需逐条确认),0.5
009743,,信用债指数族(评级/区域需逐条确认),0.5
009757,CBOND_国开行债券总指数_1-3年,中债1-3年国开行债券财富指数,0.6
009772,,中债/中证1-5国开行债券指数,0.6
009773,,中债/中证1-5国开行债券指数,0.6
009803,CBOND_国开行债券总指数_7-10年,中债7-10年国开行债券财富指数,0.6
009924,,中债/中证1-5国开行债券指数,0.6
010262,CBOND_农发行债券总指数_1-3年,中债1-3年农发行债券财富指数,0.6
010263,CBOND_农发行债券总指数_1-3年,中债1-3年农发行债券财富指数,0.6
010497,,中债1-5政策性金融债指数,0.6
010509,,债券指数基准(名称可识别但收益源待接入),0.4
010529,,中债/中证1-5国开行债券指数,0.6
010530,,中债/中证1-5国开行债券指数,0.6
010581,,中债3-5政策性金融债指数,0.6
010582,,中债3-5政策性金融债指数,0.6
010603,,中债/中证5-10国开行债券指数,0.6
010604,,中债/中证5-10国开行债券指数,0.6
010859,CBOND_国开行债券总指数_总值,中债国开行债券财富指数,0.9
010860,CBOND_国开行债券总指数_总值,中债国开行债券财富指数,0.9
011062,CBOND_国开行债券总指数_7-10年,中债7-10年国开行债券财富指数,0.6
011234,,中债/中证1-5国开行债券指数,0.6
011235,,中债/中证1-5国开行债券指数,0.6
011661,CBOND_国开行债券总指数_1-3年,中债1-3年国开行债券财富指数,0.6
011662,CBOND_国开行债券总指数_1-3年,中债1-3年国开行债券财富指数,0.6
011796,,中债0-3政策性金融债指数,0.6
011797,,中债0-3政策性金融债指数,0.6
011880,,中债1-5政策性金融债指数,0.6
011881,,中债1-5政策性金融债指数,0.6
011940,,海外债/QDII债券基准(待接入),0.3
011941,,海外债/QDII债券基准(待接入),0.3
011973,,中债1-5农发行债券指数,0.6
011974,,中债1-5农发行债券指数,0.6
011979,,中债1-5政策性金融债指数,0.6
011983,,中债3-5政策性金融债指数,0.6
011984,,中债3-5政策性金融债指数,0.6
011993,,中债1-5政策性金融债指数,0.6
012039,,中债/中证1-5国开行债券指数,0.6
012063,,中债1-5政策性金融债指数,0.6
012128,,中债1-3政策性金融债指数,0.6
012129,,中债1-3政策性金融债指数,0.6
012165,CBOND_国开行债券总指数_1-3年,中债1-3年国开行债券财富指数,0.6
012166,CBOND_农发行债券总指数_1-3年,中债1-3年农发行债券财富指数,0.6
012168,,中债1-5进出口行债券指数,0.6
012169,CBOND_国开行债券总指数_3-5年,中债3-5年国开行债券财富指数,0.6
012172,CBOND_国开行债券总指数_1-3年,中债1-3年国开行债券财富指数,0.6
012310,,中债3-5政策性金融债指数,0.6
012403,,中债1-5政策性金融债指数,0.6
012404,,中债1-5政策性金融债指数,0.6
012692,,中债/中证0-3国开行债券指数,0.6
012693,,中债/中证0-3国开行债券指数,0.6
012735,CBOND_国开行债券总指数_1-3年,中债1-3年国开行债券财富指数,0.6
012736,,"中债1-3年国开行债券财富指数(TE>3%, 待复核)",0.6
013070,,中债1-5政策性金融债指数,0.6
013071,,中债1-5政策性金融债指数,0.6
013138,,中债/中证5-10国开行债券指数,0.6
013169,,中债1-5政策性金融债指数,0.6
013170,,中债1-5政策性金融债指数,0.6
013508,,海外债/QDII债券基准(待接入),0.3
013509,,海外债/QDII债券基准(待接入),0.3
013592,,"中债1-3年国开行债券财富指数(TE>3%, 待复核)",0.6
013593,CBOND_农发行债券总指数_3-5年,中债3-5年农发行债券财富指数,0.6
013594,CBOND_国开行债券总指数_7-10年,中债7-10年国开行债券财富指数,0.6
013609,,中债1-5政策性金融债指数,0.6
013653,,中债0-5农发行债券指数,0.6
013987,,债券指数基准(名称可识别但收益源待接入),0.4
013988,,债券指数基准(名称可识别但收益源待接入),0.4
014081,CBOND_国开行债券总指数_1-3年,中债1-3年国开行债券财富指数,0.6
014082,CBOND_国开行债券总指数_1-3年,中债1-3年国开行债券财富指数,0.6
014101,CBOND_国开行债券总指数_3-5年,中债3-5年国开行债券财富指数,0.6
014102,CBOND_国开行债券总指数_3-5年,中债3-5年国开行债券财富指数,0.6
014426,931059.CSI,中证同业存单AAA指数,0.8
014427,931059.CSI,中证同业存单AAA指数,0.8
014428,931059.CSI,中证同业存单AAA指数,0.8
014429,931059.CSI,中证同业存单AAA指数,0.8
014430,931059.CSI,中证同业存单AAA指数,0.8
014437,931059.CSI,中证同业存单AAA指数,0.8
014458,CBOND_国开行债券总指数_总值,中债国开行债券财富指数,0.9
014459,,中债/中证1-5国开行债券指数,0.6
014484,,信用债指数族(评级/区域需逐条确认),0.5
014485,,信用债指数族(评级/区域需逐条确认),0.5
015643,931059.CSI,中证同业存单AAA指数,0.8
015644,931059.CSI,中证同业存单AAA指数,0.8
015645,931059.CSI,中证同业存单AAA指数,0.8
015646,931059.CSI,中证同业存单AAA指数,0.8
015647,931059.CSI,中证同业存单AAA指数,0.8
015648,931059.CSI,中证同业存单AAA指数,0.8
015791,CBOND_国开行债券总指数_1-3年,中债1-3年国开行债券财富指数,0.6
015822,931059.CSI,中证同业存单AAA指数,0.8
015823,931059.CSI,中证同业存单AAA指数,0.8
015825,931059.CSI,中证同业存单AAA指数,0.8
015826,931059.CSI,中证同业存单AAA指数,0.8
015827,931059.CSI,中证同业存单AAA指数,0.8
015840,,中债1-5政策性金融债指数,0.6
015841,,中债1-5政策性金融债指数,0.6
015861,931059.CSI,中证同业存单AAA指数,0.8
015862,931059.CSI,中证同业存单AAA指数,0.8
015863,931059.CSI,中证同业存单AAA指数,0.8
015864,931059.CSI,中证同业存单AAA指数,0.8
015875,931059.CSI,中证同业存单AAA指数,0.8
015944,931059.CSI,中证同业存单AAA指数,0.8
015955,931059.CSI,中证同业存单AAA指数,0.8
015956,931059.CSI,中证同业存单AAA指数,0.8
015960,931059.CSI,中证同业存单AAA指数,0.8
016063,931059.CSI,中证同业存单AAA指数,0.8
016066,931059.CSI,中证同业存单AAA指数,0.8
016082,931059.CSI,中证同业存单AAA指数,0.8
016083,931059.CSI,中证同业存单AAA指数,0.8
016260,,中债1-5政策性金融债指数,0.6
016261,,中债1-5政策性金融债指数,0.6
016362,931059.CSI,中证同业存单AAA指数,0.8
016366,931059.CSI,中证同业存单AAA指数,0.8
016409,931059.CSI,中证同业存单AAA指数,0.8
016410,931059.CSI,中证同业存单AAA指数,0.8
016456,,中债1-5政策性金融债指数,0.6
016457,,中债1-5政策性金融债指数,0.6
016587,931059.CSI,中证同业存单AAA指数,0.8
016625,931059.CSI,中证同业存单AAA指数,0.8
016684,931059.CSI,中证同业存单AAA指数,0.8
016687,,信用债指数族(评级/区域需逐条确认),0.5
016688,,信用债指数族(评级/区域需逐条确认),0.5
016758,931059.CSI,中证同业存单AAA指数,0.8
016852,931059.CSI,中证同业存单AAA指数,0.8
016859,H11009.CSI,中证综合债指数,0.9
016860,931059.CSI,中证同业存单AAA指数,0.8
017104,931059.CSI,中证同业存单AAA指数,0.8
017111,931059.CSI,中证同业存单AAA指数,0.8
017136,931059.CSI,中证同业存单AAA指数,0.8
017183,931059.CSI,中证同业存单AAA指数,0.8
017423,931059.CSI,中证同业存单AAA指数,0.8
017554,,"中证同业存单AAA指数(TE>0.5%, 待复核)",0.8
017561,,信用债指数族(评级/区域需逐条确认),0.5
017562,,信用债指数族(评级/区域需逐条确认),0.5
017563,931059.CSI,中证同业存单AAA指数,0.8
017566,,中债0-3政策性金融债指数,0.6
017567,,中债0-3政策性金融债指数,0.6
017577,,中债政策性金融债总指数,0.9
017578,,中债政策性金融债总指数,0.9
017680,931059.CSI,中证同业存单AAA指数,0.8
017701,931059.CSI,中证同业存单AAA指数,0.8
017704,931059.CSI,中证同业存单AAA指数,0.8
017725,931059.CSI,中证同业存单AAA指数,0.8
017756,931059.CSI,中证同业存单AAA指数,0.8
017818,,中债0-3政策性金融债指数,0.6
017819,,中债0-3政策性金融债指数,0.6
017837,,中债7-10政策性金融债指数,0.6
017838,,中债7-10政策性金融债指数,0.6
017888,931059.CSI,中证同业存单AAA指数,0.8
017924,931059.CSI,中证同业存单AAA指数,0.8
018067,,中债1-5政策性金融债指数,0.6
018068,,中债1-5政策性金融债指数,0.6
018074,,中债1-5进出口行债券指数,0.6
018137,,中债0-3政策性金融债指数,0.6
018138,,中债0-3政策性金融债指数,0.6
018165,931059.CSI,中证同业存单AAA指数,0.8
018219,931059.CSI,中证同业存单AAA指数,0.8
018266,,中债7-10政策性金融债指数,0.6
018267,,中债7-10政策性金融债指数,0.6
018343,931059.CSI,中证同业存单AAA指数,0.8
018348,931059.CSI,中证同业存单AAA指数,0.8
018355,931059.CSI,中证同业存单AAA指数,0.8
018360,931059.CSI,中证同业存单AAA指数,0.8
018452,931059.CSI,中证同业存单AAA指数,0.8
018453,931059.CSI,中证同业存单AAA指数,0.8
018610,931059.CSI,中证同业存单AAA指数,0.8
018613,931059.CSI,中证同业存单AAA指数,0.8
018685,CBOND_国开行债券总指数_1-3年,中债1-3年国开行债券财富指数,0.6
018723,931059.CSI,中证同业存单AAA指数,0.8
018743,,信用债指数族(评级/区域需逐条确认),0.5
018808,931059.CSI,中证同业存单AAA指数,0.8
018809,931059.CSI,中证同业存单AAA指数,0.8
018903,,中债1-3政策性金融债指数,0.6
018904,,中债1-3政策性金融债指数,0.6
018996,,信用债指数族(评级/区域需逐条确认),0.5
019017,931059.CSI,中证同业存单AAA指数,0.8
019037,931059.CSI,中证同业存单AAA指数,0.8
019081,CBOND_国开行债券总指数_1-3年,中债1-3年国开行债券财富指数,0.6
019082,CBOND_国开行债券总指数_1-3年,中债1-3年国开行债券财富指数,0.6
019098,931059.CSI,中证同业存单AAA指数,0.8
019121,,"中证同业存单AAA指数(TE>0.5%, 待复核)",0.8
019129,CBOND_国开行债券总指数_1-3年,中债1-3年国开行债券财富指数,0.6
019192,,中债1-5政策性金融债指数,0.6
019193,,中债1-5政策性金融债指数,0.6
019202,,债券指数基准(名称可识别但收益源待接入),0.4
019203,,债券指数基准(名称可识别但收益源待接入),0.4
019230,,海外债/QDII债券基准(待接入),0.3
019231,,海外债/QDII债券基准(待接入),0.3
019232,,海外债/QDII债券基准(待接入),0.3
019233,,海外债/QDII债券基准(待接入),0.3
019256,,中债1-3政策性金融债指数,0.6
019443,931059.CSI,中证同业存单AAA指数,0.8
019480,,海外债/QDII债券基准(待接入),0.3
019481,,海外债/QDII债券基准(待接入),0.3
019518,,海外债/QDII债券基准(待接入),0.3
019565,,区域/主题/绿色债券指数族(待接入),0.35
019566,,区域/主题/绿色债券指数族(待接入),0.35
019572,931059.CSI,中证同业存单AAA指数,0.8
019596,,中债7-10政策性金融债指数,0.6
019616,931059.CSI,中证同业存单AAA指数,0.8
019630,,海外债/QDII债券基准(待接入),0.3
019683,931059.CSI,中证同业存单AAA指数,0.8
019686,CBOND_国开行债券总指数_1-3年,中债1-3年国开行债券财富指数,0.6
019709,,海外债/QDII债券基准(待接入),0.3
019754,931059.CSI,中证同业存单AAA指数,0.8
019790,,中债0-5政策性金融债指数,0.6
019791,,中债0-5政策性金融债指数,0.6
019841,,中债0-3政策性金融债指数,0.6
019842,,中债0-3政策性金融债指数,0.6
019893,,海外债/QDII债券基准(待接入),0.3
019929,,中债政策性金融债总指数,0.9
019930,,中债政策性金融债总指数,0.9
019955,,中债0-3政策性金融债指数,0.6
019956,,中债0-3政策性金融债指数,0.6
019964,931059.CSI,中证同业存单AAA指数,0.8
019974,931059.CSI,中证同业存单AAA指数,0.8
019984,931059.CSI,中证同业存单AAA指数,0.8
020017,CBOND_农发行债券总指数_1-3年,中债1-3年农发行债券财富指数,0.6
020044,,中债0-3政策性金融债指数,0.6
020045,,中债0-3政策性金融债指数,0.6
020088,931059.CSI,中证同业存单AAA指数,0.8
020130,,中债0-3政策性金融债指数,0.6
020131,,中债0-3政策性金融债指数,0.6
020153,,中债0-3政策性金融债指数,0.6
020154,,中债0-3政策性金融债指数,0.6
020164,,中债政策性金融债总指数,0.9
020165,,中债政策性金融债总指数,0.9
020170,,信用债指数族(评级/区域需逐条确认),0.5
020171,,信用债指数族(评级/区域需逐条确认),0.5
020207,,中债0-3政策性金融债指数,0.6
020208,,中债0-3政策性金融债指数,0.6
020215,,中债/中证1-5国开行债券指数,0.6
020228,,中债0-3政策性金融债指数,0.6
020229,,中债0-3政策性金融债指数,0.6
020248,,中债7-10政策性金融债指数,0.6
020252,,中债0-3政策性金融债指数,0.6
020253,,中债0-3政策性金融债指数,0.6
020286,,信用债指数族(评级/区域需逐条确认),0.5
020295,,中债0-3政策性金融债指数,0.6
020296,,中债0-3政策性金融债指数,0.6
020309,,中债政策性金融债总指数,0.9
020310,,中债政策性金融债总指数,0.9
020342,CBOND_农发行债券总指数_1-3年,中债1-3年农发行债券财富指数,0.6
020372,,中债0-3政策性金融债指数,0.6
020373,,中债0-3政策性金融债指数,0.6
020379,CBOND_农发行债券总指数_1-3年,中债1-3年农发行债券财富指数,0.6
020393,,债券指数基准(名称可识别但收益源待接入),0.4
020394,CBOND_国开行债券总指数_1-3年,中债1-3年国开行债券财富指数,0.6
020505,CBOND_国开行债券总指数_3-5年,中债3-5年国开行债券财富指数,0.6
020530,,中债0-3政策性金融债指数,0.6
020531,,中债0-3政策性金融债指数,0.6
020541,,中债0-3政策性金融债指数,0.6
020542,,中债0-3政策性金融债指数,0.6
020544,CBOND_国开行债券总指数_1-3年,中债1-3年国开行债券财富指数,0.6
020571,,海外债/QDII债券基准(待接入),0.3
020585,,中债0-3政策性金融债指数,0.6
020586,,中债0-3政策性金融债指数,0.6
020591,CBOND_国开行债券总指数_7-10年,中债7-10年国开行债券财富指数,0.6
020613,,中债0-3政策性金融债指数,0.6
020614,,中债0-3政策性金融债指数,0.6
020619,,信用债指数族(评级/区域需逐条确认),0.5
020620,,信用债指数族(评级/区域需逐条确认),0.5
020643,CBOND_国开行债券总指数_1-3年,中债1-3年国开行债券财富指数,0.6
020644,,中债1-5政策性金融债指数,0.6
020674,,中债0-3政策性金融债指数,0.6
020675,,中债0-3政策性金融债指数,0.6
020689,,中债0-3政策性金融债指数,0.6
020690,,中债0-3政策性金融债指数,0.6
020700,CBOND_农发行债券总指数_总值,中债农发行债券财富指数,0.9
020764,,中债0-3政策性金融债指数,0.6
020765,,中债0-3政策性金融债指数,0.6
020777,,中债3-5政策性金融债指数,0.6
020791,,中债1-5政策性金融债指数,0.6
020844,,中债0-3政策性金融债指数,0.6
020845,,中债0-3政策性金融债指数,0.6
020886,,中债0-3政策性金融债指数,0.6
020887,,中债0-3政策性金融债指数,0.6
020905,,中债0-5政策性金融债指数,0.6
020906,,中债0-5政策性金融债指数,0.6
020943,,中债0-3政策性金融债指数,0.6
020944,,中债0-3政策性金融债指数,0.6
020992,CBOND_国开行债券总指数_7-10年,中债7-10年国开行债券财富指数,0.6
021011,,中债/中证5-10国开行债券指数,0.6
021037,CBOND_国开行债券总指数_7-10年,中债7-10年国开行债券财富指数,0.6
021065,,中债0-3政策性金融债指数,0.6
021066,,中债0-3政策性金融债指数,0.6
021104,,中债/中证1-5国开行债券指数,0.6
021105,,中债0-5政策性金融债指数,0.6
021110,,中债0-3政策性金融债指数,0.6
021111,,中债0-3政策性金融债指数,0.6
021138,CBOND_国开行债券总指数_1-3年,中债1-3年国开行债券财富指数,0.6
021156,,中债/中证1-5国开行债券指数,0.6
021157,,债券指数基准(名称可识别但收益源待接入),0.4
021221,,中债1-5农发行债券指数,0.6
021229,,中债0-3政策性金融债指数,0.6
021230,,中债0-3政策性金融债指数,0.6
021258,CBOND_国开行债券总指数_1-3年,中债1-3年国开行债券财富指数,0.6
021259,CBOND_国开行债券总指数_总值,中债国开行债券财富指数,0.9
021269,,区域/主题/绿色债券指数族(待接入),0.35
021270,,区域/主题/绿色债券指数族(待接入),0.35
021300,931059.CSI,中证同业存单AAA指数,0.8
021303,,区域/主题/绿色债券指数族(待接入),0.35
021304,,区域/主题/绿色债券指数族(待接入),0.35
021325,,中债1-5政策性金融债指数,0.6
021326,,中债1-5政策性金融债指数,0.6
021340,,中债政策性金融债总指数,0.9
021341,,中债政策性金融债总指数,0.9
021348,,区域/主题/绿色债券指数族(待接入),0.35
021349,,区域/主题/绿色债券指数族(待接入),0.35
021353,,中债0-3政策性金融债指数,0.6
021354,,中债0-3政策性金融债指数,0.6
021371,CBOND_国开行债券总指数_1-3年,中债1-3年国开行债券财富指数,0.6
021392,,中债0-3政策性金融债指数,0.6
021393,,中债0-3政策性金融债指数,0.6
021416,,区域/主题/绿色债券指数族(待接入),0.35
021417,,区域/主题/绿色债券指数族(待接入),0.35
021507,,中债0-3政策性金融债指数,0.6
021508,,中债0-3政策性金融债指数,0.6
021527,931059.CSI,中证同业存单AAA指数,0.8
021563,,中债0-3政策性金融债指数,0.6
021564,,中债0-3政策性金融债指数,0.6
021565,,中债0-3农发行债券指数,0.6
021566,,中债0-3农发行债券指数,0.6
021567,,中债0-3政策性金融债指数,0.6
021568,,中债0-3政策性金融债指数,0.6
021592,931059.CSI,中证同业存单AAA指数,0.8
021597,,中债1-3政策性金融债指数,0.6
021606,,债券指数基准(名称可识别但收益源待接入),0.4
021609,CBOND_国开行债券总指数_7-10年,中债7-10年国开行债券财富指数,0.6
021705,,信用债指数族(评级/区域需逐条确认),0.5
021706,,信用债指数族(评级/区域需逐条确认),0.5
021709,,债券指数基准(名称可识别但收益源待接入),0.4
021720,,中债0-3政策性金融债指数,0.6
021721,,中债0-3政策性金融债指数,0.6
021748,931059.CSI,中证同业存单AAA指数,0.8
021839,,中债3-5政策性金融债指数,0.6
021840,,中债3-5政策性金融债指数,0.6
021849,931059.CSI,中证同业存单AAA指数,0.8
021903,931059.CSI,中证同业存单AAA指数,0.8
021927,931059.CSI,中证同业存单AAA指数,0.8
021935,,中债1-3政策性金融债指数,0.6
021997,CBOND_农发行债券总指数_3-5年,中债3-5年农发行债券财富指数,0.6
022022,,中债0-3政策性金融债指数,0.6
022023,931059.CSI,中证同业存单AAA指数,0.8
022024,,中债0-3政策性金融债指数,0.6
022025,CBOND_国开行债券总指数_7-10年,中债7-10年国开行债券财富指数,0.6
022026,,中债0-3政策性金融债指数,0.6
022027,,中债0-3政策性金融债指数,0.6
022063,,中债/中证5年国开行债券指数,0.6
022080,931059.CSI,中证同业存单AAA指数,0.8
022101,,中债/中证1-5国开行债券指数,0.6
022102,,中债7-10政策性金融债指数,0.6
022132,CBOND_国开行债券总指数_3-5年,中债3-5年国开行债券财富指数,0.6
022179,,中债0-3政策性金融债指数,0.6
022180,,中债0-3政策性金融债指数,0.6
022185,CBOND_国开行债券总指数_1-3年,中债1-3年国开行债券财富指数,0.6
022186,,"中债1-3年农发行债券财富指数(TE>3%, 待复核)",0.6
022253,CBOND_国开行债券总指数_1-3年,中债1-3年国开行债券财富指数,0.6
022255,CBOND_国开行债券总指数_1-3年,中债1-3年国开行债券财富指数,0.6
022267,,信用债指数族(评级/区域需逐条确认),0.5
022353,,中债0-3政策性金融债指数,0.6
022354,,中债0-3政策性金融债指数,0.6
022359,CBOND_国开行债券总指数_7-10年,中债7-10年国开行债券财富指数,0.6
022374,,海外债/QDII债券基准(待接入),0.3
022391,,中债/中证0-3国开行债券指数,0.6
022392,,中债/中证0-3国开行债券指数,0.6
022503,,海外债/QDII债券基准(待接入),0.3
022512,,海外债/QDII债券基准(待接入),0.3
022528,,中债1-5政策性金融债指数,0.6
022533,CBOND_国开行债券总指数_1-3年,中债1-3年国开行债券财富指数,0.6
022535,,中债3-5政策性金融债指数,0.6
022563,931059.CSI,中证同业存单AAA指数,0.8
022588,CBOND_农发行债券总指数_3-5年,中债3-5年农发行债券财富指数,0.6
022609,,中债/中证1-5国开行债券指数,0.6
022633,CBOND_国开行债券总指数_总值,中债国开行债券财富指数,0.9
022636,931059.CSI,中证同业存单AAA指数,0.8
022641,,中债0-5政策性金融债指数,0.6
022642,,中债0-5政策性金融债指数,0.6
022650,,中债0-3政策性金融债指数,0.6
022651,,中债0-3政策性金融债指数,0.6
022711,CBOND_国开行债券总指数_1-3年,中债1-3年国开行债券财富指数,0.6
022724,CBOND_国开行债券总指数_7-10年,中债7-10年国开行债券财富指数,0.6
022727,CBOND_农发行债券总指数_3-5年,中债3-5年农发行债券财富指数,0.6
022764,,信用债指数族(评级/区域需逐条确认),0.5
022765,,信用债指数族(评级/区域需逐条确认),0.5
022780,,中债/中证1-5国开行债券指数,0.6
022783,CBOND_国开行债券总指数_总值,中债国开行债券财富指数,0.9
022827,CBOND_国开行债券总指数_1-3年,中债1-3年国开行债券财富指数,0.6
022835,,区域/主题/绿色债券指数族(待接入),0.35
022836,,中债0-3政策性金融债指数,0.6
022837,,中债0-3政策性金融债指数,0.6
023016,,区域/主题/绿色债券指数族(待接入),0.35
023061,,区域/主题/绿色债券指数族(待接入),0.35
023062,,区域/主题/绿色债券指数族(待接入),0.35
023156,,中债5-10农发行债券指数,0.6
023246,,区域/主题/绿色债券指数族(待接入),0.35
023247,,区域/主题/绿色债券指数族(待接入),0.35
023257,931059.CSI,中证同业存单AAA指数,0.8
023260,,区域/主题/绿色债券指数族(待接入),0.35
023261,,区域/主题/绿色债券指数族(待接入),0.35
023268,931059.CSI,中证同业存单AAA指数,0.8
023271,,中债/中证5年国开行债券指数,0.6
023279,931059.CSI,中证同业存单AAA指数,0.8
023509,931059.CSI,中证同业存单AAA指数,0.8
023510,,中债7-10政策性金融债指数,0.6
023533,CBOND_国开行债券总指数_3-5年,中债3-5年国开行债券财富指数,0.6
023558,,中债0-3政策性金融债指数,0.6
023577,931059.CSI,中证同业存单AAA指数,0.8
023634,,信用债指数族(评级/区域需逐条确认),0.5
023635,,信用债指数族(评级/区域需逐条确认),0.5
023666,931059.CSI,中证同业存单AAA指数,0.8
023700,,中债1-5进出口行债券指数,0.6
023773,,信用债指数族(评级/区域需逐条确认),0.5
023774,,信用债指数族(评级/区域需逐条确认),0.5
023814,,中债1-5政策性金融债指数,0.6
023815,,中债1-5政策性金融债指数,0.6
023936,CBOND_国开行债券总指数_3-5年,中债3-5年国开行债券财富指数,0.6
024163,,"中债1-3年农发行债券财富指数(TE>3%, 待复核)",0.6
024199,931059.CSI,中证同业存单AAA指数,0.8
024234,,债券指数基准(名称可识别但收益源待接入),0.4
024264,,中债7-10政策性金融债指数,0.6
024339,,中债1-5政策性金融债指数,0.6
024340,,中债1-5政策性金融债指数,0.6
024341,CBOND_农发行债券总指数_1-3年,中债1-3年农发行债券财富指数,0.6
024392,,中债3-5政策性金融债指数,0.6
024519,,中债0-5政策性金融债指数,0.6
024520,,中债0-5政策性金融债指数,0.6
024538,,信用债指数族(评级/区域需逐条确认),0.5
024539,,信用债指数族(评级/区域需逐条确认),0.5
024607,,中债1-3政策性金融债指数,0.6
024690,CBOND_农发行债券总指数_1-3年,中债1-3年农发行债券财富指数,0.6
024719,931059.CSI,中证同业存单AAA指数,0.8
024728,931059.CSI,中证同业存单AAA指数,0.8
024760,931059.CSI,中证同业存单AAA指数,0.8
025098,,信用债指数族(评级/区域需逐条确认),0.5
025099,,信用债指数族(评级/区域需逐条确认),0.5
025100,,信用债指数族(评级/区域需逐条确认),0.5
025117,,区域/主题/绿色债券指数族(待接入),0.35
025118,,区域/主题/绿色债券指数族(待接入),0.35
025121,,中债1-5政策性金融债指数,0.6
025122,,中债1-5政策性金融债指数,0.6
025123,,中债1-3政策性金融债指数,0.6
025124,,中债1-3政策性金融债指数,0.6
025345,,信用债指数族(评级/区域需逐条确认),0.5
025346,,信用债指数族(评级/区域需逐条确认),0.5
025347,,中债1-5政策性金融债指数,0.6
025707,,区域/主题/绿色债券指数族(待接入),0.35
025708,,区域/主题/绿色债券指数族(待接入),0.35
025804,931059.CSI,中证同业存单AAA指数,0.8
025807,,中债1-5政策性金融债指数,0.6
025946,,信用债指数族(评级/区域需逐条确认),0.5
025947,CBOND_国开行债券总指数_1-3年,中债1-3年国开行债券财富指数,0.6
026229,931059.CSI,中证同业存单AAA指数,0.8
026232,931059.CSI,中证同业存单AAA指数,0.8
026250,931059.CSI,中证同业存单AAA指数,0.8
026373,,中债0-3政策性金融债指数,0.6
026415,,区域/主题/绿色债券指数族(待接入),0.35
026503,,中债1-5政策性金融债指数,0.6
026550,,中债1-5政策性金融债指数,0.6
027086,,中债1-5政策性金融债指数,0.6
027087,,中债1-5政策性金融债指数,0.6
027387,,中债0-5政策性金融债指数,0.6
027388,,中债0-5政策性金融债指数,0.6
027456,,信用债指数族(评级/区域需逐条确认),0.5
027785,931059.CSI,中证同业存单AAA指数,0.8
050030,,海外债/QDII债券基准(待接入),0.3
050202,,海外债/QDII债券基准(待接入),0.3
050203,,海外债/QDII债券基准(待接入),0.3
100050,,海外债/QDII债券基准(待接入),0.3
159110,,区域/主题/绿色债券指数族(待接入),0.35
159111,,区域/主题/绿色债券指数族(待接入),0.35
159112,,区域/主题/绿色债券指数族(待接入),0.35
159113,,区域/主题/绿色债券指数族(待接入),0.35
159115,,区域/主题/绿色债券指数族(待接入),0.35
159116,,区域/主题/绿色债券指数族(待接入),0.35
159200,,区域/主题/绿色债券指数族(待接入),0.35
159395,,信用债指数族(评级/区域需逐条确认),0.5
159396,,信用债指数族(评级/区域需逐条确认),0.5
159397,,信用债指数族(评级/区域需逐条确认),0.5
159398,,信用债指数族(评级/区域需逐条确认),0.5
159400,,区域/主题/绿色债券指数族(待接入),0.35
159600,,区域/主题/绿色债券指数族(待接入),0.35
159649,CBOND_国开行债券总指数_总值,中债国开行债券财富指数,0.9
159650,CBOND_国开行债券总指数_总值,中债国开行债券财富指数,0.9
159651,CBOND_国开行债券总指数_总值,中债国开行债券财富指数,0.9
159700,,区域/主题/绿色债券指数族(待接入),0.35
159816,,区域/主题/绿色债券指数族(待接入),0.35
159972,,区域/主题/绿色债券指数族(待接入),0.35
161119,,债券指数基准(名称可识别但收益源待接入),0.4
161120,,债券指数基准(名称可识别但收益源待接入),0.4
206006,,海外债/QDII债券基准(待接入),0.3
501300,,海外债/QDII债券基准(待接入),0.3
510080,,债券指数基准(名称可识别但收益源待接入),0.4
511010,,中债国债指数,0.9
511020,,中债国债指数,0.9
511030,,债券指数基准(名称可识别但收益源待接入),0.4
511060,,区域/主题/绿色债券指数族(待接入),0.35
511070,,债券指数基准(名称可识别但收益源待接入),0.4
511080,,债券指数基准(名称可识别但收益源待接入),0.4
511090,,中债国债指数,0.9
511100,,中债国债指数,0.9
511110,,债券指数基准(名称可识别但收益源待接入),0.4
511120,,区域/主题/绿色债券指数族(待接入),0.35
511130,,中债国债指数,0.9
511150,,区域/主题/绿色债券指数族(待接入),0.35
511160,,中债国债指数,0.9
511180,,债券指数基准(名称可识别但收益源待接入),0.4
511190,,信用债指数族(评级/区域需逐条确认),0.5
511200,,信用债指数族(评级/区域需逐条确认),0.5
511220,,债券指数基准(名称可识别但收益源待接入),0.4
511260,,中债国债指数,0.9
511270,,区域/主题/绿色债券指数族(待接入),0.35
511360,H11014.CSI,中证短融指数,0.6
511380,,债券指数基准(名称可识别但收益源待接入),0.4
511520,,中债政策性金融债总指数,0.9
511580,,中债政策性金融债总指数,0.9
551000,,区域/主题/绿色债券指数族(待接入),0.35
551030,,区域/主题/绿色债券指数族(待接入),0.35
551060,,区域/主题/绿色债券指数族(待接入),0.35
551300,,区域/主题/绿色债券指数族(待接入),0.35
551500,,区域/主题/绿色债券指数族(待接入),0.35
551510,,区域/主题/绿色债券指数族(待接入),0.35
551520,,区域/主题/绿色债券指数族(待接入),0.35
551550,,区域/主题/绿色债券指数族(待接入),0.35
551560,,区域/主题/绿色债券指数族(待接入),0.35
551580,,区域/主题/绿色债券指数族(待接入),0.35
551800,,区域/主题/绿色债券指数族(待接入),0.35
551900,,区域/主题/绿色债券指数族(待接入),0.35
952003,,中债1-3政策性金融债指数,0.6
952303,,中债1-3政策性金融债指数,0.6
